"","brand_name","brand_item","brand_price"
"1","소프터","GINGHAM WIDE SHIRT (NAVY)","118000"
"2","에노우","코튼 카고 쇼트 팬츠_카키(EN2CSMPA70A)","71100"
"3","와일드 브릭스","HBT NEWSBOY CAP (brown)","42000"
"4","라이프 아카이브","라이프 헤비 코튼 빅 토트백_베이지","80100"
"5","베이크솔","이스트 페스토블랙 YEAST Pesto_Black","72000"
"6","프리즘웍스","NYCO HOODED M51 FISHTAIL PARKA _ OLIVE","133200"
"7","프리즘웍스","BROWNIE PATCHWORK RELAX SHIRT _ MULTI","98100"
"8","프리즘웍스","OG PIGMENT DYEING HALF TEE _ DESERT","36100"
"9","프리즘웍스","BT WIDE FATIGUE PANTS _ NAVY","61200"
"10","프리즘웍스","NATURE LOGO BALL CAP _ OLIVE STRIPE","35100"
"11","베이크솔","이스트 YEAST Crumb White_Crust","72000"
"12","프리즘웍스","BALMACAAN HUNTING COAT _ BLACK WATCH","152100"
"13","프리즘웍스","OG HEAVYWEIGHT PULLOVER HOODY _ OATMEAL","71100"
"14","프리즘웍스","NYLON CARGO BALLOON PANTS _ BEIGE","67500"
"15","프리즘웍스","BOKJORI STRING BAG _ LEATHER BLACK","62300"
"16","폴로 랄프 로렌","머튼 스웨이드 보트 슈 - 브라운","219000"
"17","게인스보로","로럴골든 하프집업_화이트멜란지","46500"
"18","어나더리더","포켓 코튼 숏팬츠(카키)","39800"
"19","디스이즈네버댓","CPT-logo 7 Panel Cap Khaki","39000"
"20","유제","TWO WAY BUCKET BAG (4color)","76000"
"21","페얼스","크루 삭스 화이트","8000"
"22","리프로덕션 오브 파운드","German Military Panna (Exclusive edition)","278000"
"23","랑가주망","스몰 하트 루즈핏 베스트 [블랙]","28800"
"24","커버낫","쿨 코튼 2-PACK 티셔츠 화이트","38700"
"25","카네이테이","슬로우 (체크)","189000"
"26","에노우","써머 니트 버킷 햇_베이지(EN2CSMAB20A)","35100"
"27","아날로그무드","메모리얼 크로스백 (베이지)","43900"
"28","엘두","토이지 리치블랙","54400"
"29","나이스고스트클럽","와플 데님 셔츠 자켓_블루(NG2CSUJ240A)","79200"
"30","나이스고스트클럽","레빗 OR 베어 티셔츠_화이트(NG2CMUT500A)","35100"
"31","나이스고스트클럽","와플 워싱 데님_블랙(NG2CSUD110A)","63200"
"32","밀리어네어햇","Denim (over size) Big apple hat - 흑청","41650"
"33","비디알","(50x50) BANDANA [Black]","35000"
"34","더블알엘","가죽 트림 데님 토트 - 네이비","499000"
"35","에버라스트 슈즈","에버라스트 겨울 남자 퍼 워커 부츠","69000"
"36","필루미네이트","[쿨코튼]2-PACK 로고 티셔츠","37700"
"37","캐피탈 라디오 튠즈","RIPSTOP CARGO 팬츠 khaki","89100"
"38","로렌스폴","쿠버04 c.05","240000"
"39","브래디백","스몰 아리엘 트라우트 피싱 백 카키","418000"
"40","쏘로굿","목토 6인치 브라운 814-4203","275000"
"41","말렌","unisex round half shirts jacket cream","108000"
"42","사운즈라이프","Steady Balloon Snap Pants Beige","89100"
"43","유니버셜 케미스트리","Belted Bold CT Khaki Newsboy Cap 뉴스보이캡","39000"
"44","브라스보트","왁스캔버스 카키 브리프케이스 (올리브 왁스)","318000"
"45","베이크솔","이스트 YEAST Anthracite_Wood","72000"
"46","본챔스","BC CM 로고 니트 B21FT22IV","63200"
"47","어낫띵","SOLAR PIGMENT BALLOON SWEAT PANTS (Khaki)","93100"
"48","와일드 브릭스","FEATHER BRACELET (ivory)","32000"
"49","벗딥","와샤 나일론 베리어스 백-더스트 베이지","69000"
"50","버켄스탁","보스턴 SFB 모카 660461","169000"
"51","척","시그니처 아가일 니트 베스트 (블랙)","53100"
"52","와릿이즌","슈무 와펜 롱슬리브 화이트","30100"
"53","제멋","유스 와이드 카고팬츠 4종 카키 YHLP2159","39800"
"54","언더컨트롤","LEATHER UDC / AUTHENTIC B B / DESERT MUD","21600"
"55","브래디백","스몰 아리엘 트라우트 피싱 백 카키","418000"
"56","브랜즈","루이스 레더 화이트","73400"
"57","져지팩토리","투웨이 스트라이프 럭비 카라티셔츠_네이비","58000"
"58","비디알","120 Cavalry (Black) sanforized","153000"
"59","뮤지엄바이비컨","뮤지엄 4 C4","168000"
"60","오버다인","얼티메이트 백팩 (카키)","76800"
"61","팀버랜드","남자 팀버랜드 6인치 프리미엄 부츠 / 10061-713","258000"
"62","레테르코모","시티보이 브이넥 니트베스트_베이지","35900"
"63","페매니쉬","블럭 라인 셔츠_베이지","6900"
"64","테이크이지","리얼 와이드 치노팬츠(카키)","29400"
"65","라플로리다","몬테나 블랙 안경 glasses","33800"
"66","멜릭","멜릭 마일스 토트백 베이지","53000"
"67","윙스풋","폴라 슬립온 W1007058NA-M","139000"
"68","테이크이지","케이블 스몰라쿠 니트 베스트(캐럿)","37800"
"69","기프트오리지널","(UNISEX) 클래시 체크 셔츠 ver2_딥","14700"
"70","미니멀프로젝트","워시드 퍼티그 벌룬 코튼 팬츠 MPT108 [IVORY]","59800"
"71","애쉬크로프트","Holden Caulfield 50 TITANIUM - Matt Black","178000"
"72","포디어웍스","LW 포그윌리엄","132300"
"73","베이크솔","파이 하이피칸 Pie Hi_Pecan","99000"
"74","네이비팀","NTV-WINNETONKA 93 SWEATSHIRT","63000"
"75","굿라이프웍스","와이드 절개 벌룬팬츠 코튼 카키","47200"
"76","와일드 브릭스","HBT NEWSBOY CAP (brown)","42000"
"77","마지언타이틀","스몰 러너스백 (베이지)","98000"
"78","캐치볼","오리지날 플러스 피크닉 _ 에크루","80100"
"79","디스이즈네버댓","Nylon Ripstop BDU Jacket Khaki","195000"
"80","보이센트럴","mohair cardigan brown","99000"
"81","디스이즈네버댓","DSN-Logo Tee White","45000"
"82","디스이즈네버댓","Nylon Ripstop BDU Pant Khaki","139000"
"83","뮤지엄바이비컨","뮤지엄 4 C4","168000"
"84","빠니깔레","워싱 린넨 투톤 머플러 2 COLOR","87000"
"85","팀버랜드","남성 레드포드 6인치 부츠 초콜릿브라운_TB0A2GMYF131","154800"
"86","토마스모어","TC1-TS0107 베네치아 스트라이프-블루","49500"
"87","아르스 콘택트","AC CARGO PANTS.BEIGE","139000"
"88","언더컨트롤","MOLD CAP / VNTG / OLIVE","30400"
"89","브래디백","스몰 아리엘 트라우트 피싱 백 카키","418000"
"90","베이크솔","크러스트 CRUST Ecru_Butter","129000"
"91","유니폼브릿지","pullover shirts olive","94000"
"92","앵글런","리지드 인디고 데님 벌룬 팬츠","125100"
"93","사운즈라이프","Allround Cap Beige","39000"
"94","엄브로","플라이트 메신저백 라이트브라운 (UN123CBG12)","89000"
"95","뉴발란스","NBPFCS179L / MT410KF5 (WHITE)","89000"
"96","그리너리 크리드","고밀도 와이드 스트링 럭비 맨투맨 네이비 / P018-1791SS22","43000"
"97","미니멀프로젝트","워시드 퍼티그 벌룬 코튼 팬츠 MPT108 [BEIGE]","59800"
"98","포프","PEACE SILVER BRACELET","58000"
"99","브래디백","스몰 아리엘 트라우트 피싱 백 카키","418000"
"100","베이크솔","파이 애플 Pie Apple","88000"
"101","이벳필드","베츠 럭비 카라 배색 롱슬리브 그린","55300"
"102","블랭크룸","원 턱 치노스_베이지","89000"
"103","와일드 브릭스","WOOL BW CHECK FLAT BERET (green)","39000"
"104","브래디백","라지 아리엘 트라우트 피싱 백 카키","435000"
"105","베이크솔","이스트 YEAST Crumb White_Crust","72000"
"106","안데르센 안데르센","스키퍼 Hunting Green","499000"
"107","안데르센 안데르센","코튼 니트 폴로 셔츠 Off White","297000"
"108","유니폼브릿지","lite balloon pants khaki","89000"
"109","안데르센 안데르센","비니 Natural Taupe","85000"
"110","포디어웍스","LW 포그윌리엄","132300"
"111","코모레비뮤지엄","유니섹스 스니커즈 나이브라인 ｜ Tau (타우)","62208"
"112","안데르센 안데르센","스키퍼 Navy Blue","499000"
"113","세인트제임스","Guildo Elbow Patch (050) ASJU2211388-050","128000"
"114","비슬로우","[스탠다드]ONE TUCK CURVED JEAN_IVORY","58650"
"115","로렌스폴","쿠버01 c.04","240000"
"116","브래디백","라지 아리엘 트라우트 피싱 백 카키","435000"
"117","슈펜","베이직 캐주얼 몰딩 왈라비 BYSL79A52","59400"
"118","키크","리버서블 스웻셔츠 Reversible Sweatshirts - Otmeal","109000"
"119","제멋","[패키지] 스콘 와이드 벌룬팬츠 2PACK YHLP2350 / YHLP2386","61400"
"120","와일드 브릭스","FEATHER BRACELET (ivory)","32000"
"121","두마로","오가닉 코튼 토트백 / 쿤스트 써클","39900"
"122","클라우스고란","스니커즈 Low6 Holes Leather Desert","59900"
"123","에스피오나지","Miller Heavyweight Cardigan Burnt Orange","121000"
"124","에스피오나지","Denim Over Shirts Washed","106000"
"125","페이크미","downtime(다운타임) l ALE","185000"
"126","앤더슨벨","유니섹스 테크니컬 베를린 백팩 aaa237u","198000"
"127","닥터마틴","1461 3홀 블랙 스무스 / 11838002","190000"
"128","에스피오나지","M65 Blouson Jacket Dark Grey","179000"
"129","에스피오나지","Heavy Weight Pique Polo Shirts White","79000"
"130","에스피오나지","Tunnel Rats T-Shirt Wheat","23000"
"131","에스피오나지","Nylon Warm Up Pants Dark Grey","91000"
"132","에스피오나지","Over Fatigue Hat Olive","54000"
"133","리복","LT 코트 - 화이트:그레이 / GW5116","99000"
"134","에스피오나지","Ray Yacht Parka Black","119000"
"135","예일","EMBROIDERY RUGBY SPLIT CREWNECK BLACK / CREAM","49500"
"136","시티스트리트","COTTON BALLOON PANTS KHAKI","35400"
"137","오가프","BUTTERFLY TWILL B.B CAP ORANGE","37800"
"138","르마인","LE09FBE (Beige) MAIL 메신져백 베이지","35000"
"139","베이크솔","베이글 뮬 에크루버터 BAGEL MULE Ecru_Butter","57000"
"140","무신사 스탠다드","램스울 브이 넥 니트 베스트 [모카]","39900"
"141","무신사 스탠다드","헤비웨이트 오버사이즈 옥스포드 셔츠 [라이트 베이지]","39900"
"142","무신사 스탠다드","코튼 린넨 와이드 이지 팬츠 [카키]","31900"
"143","베지터블테이블","NEW 베이직 코튼 뉴스보이캡 베이지","35840"
"144","브라스보트","왁스캔버스 카키 브리프케이스 (올리브 왁스)","318000"
"145","에버라스트 슈즈","에버라스트 겨울 남자 퍼 워커 부츠","69000"
"146","에스피오나지","Athletic Track Jacket Pigeon Blue","216000"
"147","러프사이드","셔링 셔츠 옥스퍼드 블루 스트라이프","108000"
"148","비디알","112 spitfire [Cream] sanforized","129000"
"149","와일드 브릭스","LB TWILL BASEBALL CAP (khaki)","42000"
"150","유니폼브릿지","daypack 25L orange","89100"
"151","푸마","스웨이드 검 - 브라운:검 / 381174-02","44900"
"152","에스피오나지","M65 Blouson Jacket Olive (Heritage Ver.)","179000"
"153","예스아이씨","2Pack Coolmax C-logo Tee","31500"
"154","사운즈라이프","New Balloon Snap Pants For FW Beige","99000"
"155","유니폼브릿지","nylon jungle hat black","47200"
"156","버켄스탁","보스턴 타바코브라운 960811","179000"
"157","베이스모먼트","코튼 마운틴 자켓 베이지","89000"
"158","필루미네이트","오버핏 아치 로고 스웨트 셔츠-오트밀","39900"
"159","유니온발란트","벌룬 팬츠 올리브","69000"
"160","47브랜드","BLACK FIVES BLACK GENERIC 47 CLEAN UP","26900"
"161","헬리콘텍스","어반 쿠리어 백 미디움_코요테","126000"
"162","킨","(남성) 유니크 엑소 - 트리플 블랙 [KN1019286J3]","45900"
"163","비디알","DENIM JACKET T5 [Black]","225000"
"164","비디알","COZY HENLYNECK LONG SLEEVE [Ivory]","69000"
"165","어낫띵","WASHED-CANVAS BALLOON-FIT PANTS (Beige)","69350"
"166","라모랭","New Stickcap Black","31500"
"167","마노모스","Sally  C2","218000"
"168","바버","바버 타탄 미니 엄브렐라 - 타탄","80000"
"169","헌터","[MEN] 코만도 첼시 부츠 - 다크올리브 MFS9016RMADOV","194000"
"170","와릿이즌","엔젤 와펜 가디건 블랙","62300"
"171","에스피오나지","EG Relaxed Shirts White","82000"
"172","카네이테이","슬로우 (체크)","189000"
"173","유니버셜 케미스트리","Washing Bold CT Brown Newsboy Cap 뉴스보이캡","39000"
"174","아날로그무드","노벨 크로스백 (베이지)","35900"
"175","버켄스탁","보스턴 SFB 모카 660461","169000"
"176","유니폼브릿지","22ss utility mountain jacket black","179000"
"177","슬로우포크","Color Rib Classic Fit Sweat Shirt -Oatmeal / Grey Melange-","62300"
"178","그라미치","루즈테이퍼드 팬츠 Olive","119000"
"179","브라스보트","왁스캔버스 카키 브리프케이스 (올리브 왁스)","318000"
"180","베이크솔","이스트 YEAST Ecru_Butter","72000"
"181","에스피오나지","EG Relaxed Shirts White","82000"
"182","유니온발란트","퍼티그 팬츠 브라운","65000"
"183","와일드 브릭스","BS VIN SCARF (mustard)","35100"
"184","브래디백","스몰 아리엘 트라우트 피싱 백 헤이즐넛","418000"
"185","캠퍼","남화캐쥬얼 Camaleon 1975 K100674-013","196200"
"186","리바이스","Levi s® Red 엔지니어 코트_A2691-0000","149000"
"187","유니폼브릿지","21ss arch logo s/s tee oatmeal","39000"
"188","리바이스","Levi s® Red 루즈 테이퍼 트라우저_A2696-0001","139000"
"189","유니버셜 케미스트리","Washing Black Denim Newsboy Cap 데님뉴스보이캡","39000"
"190","모노노","Belt Bag - Waxed Canvas ( 벨트백 왁스캔버스 ) ( Camel )","48000"
"191","노베스타","스타마스터 코듀로이 White/Beige","53400"
"192","에스피오나지","M65 Blouson Jacket Olive (Heritage Ver.)","179000"
"193","퍼스텝","[22SS] 뉴필드 후드 회색 SMHD4457","44100"
"194","사운즈라이프","Steady Balloon Snap Pants Khaki","89100"
"195","세미콜론 아이웨어","DOLL 47 안경 크림","69000"
"196","멜릭","퍼시 캔버스 토트백 베이지","52000"
"197","아디다스","BW 아미 - 초크화이트 / GX4558","139000"
"198","캠프사이드","코튼 트윌 워크 자켓 올리브 CJK101","69000"
"199","윌리엄스버그 뉴욕시티","Stripe Round T_Olive","54400"
"200","아조바이아조","Oversized Cotton Nylon Pants [Beige]","105600"
"201","마틴플랜","Dusk Planet Bracelet","41600"
"202","제너","3POCKET HELMET BAG - KHAKI (J13PHBKK)","19900"
"203","박스앤콕스","비앤씨 베이지 검솔","19900"
"204","유니폼브릿지","22ss utility mountain jacket olive green","179000"
"205","라퍼지스토어","헤비 코튼 오버 럭비 맨투맨 _Midnight Blue","39000"
"206","어낫띵","WASHED-CANVAS BALLOON-FIT PANTS (Beige)","69350"
"207","포프","PEACE SILVER BRACELET","58000"
"208","셀로판","RUMPLE BAG / KHAKI","79000"
"209","바스토","세컨더리 벌커나이즈 캔버스 (SECONDARY Vulcanized Canvas Shoe (BISCUIT)) [BVN2072]","36900"
"210","유니폼브릿지","ma-1 blouson jacket grey","179000"
"211","이벳필드","베츠 럭비 카라 배색 롱슬리브 네이비","55300"
"212","유니버셜 오버롤","와이드 퍼티그 팬츠 T02 올리브","87200"
"213","유니폼브릿지","sailor bucket hat khaki grey","52200"
"214","메종드바라","데일리 코튼 미니 메신저백 (Beige)","45000"
"215","리프로덕션 오브 파운드","German Military Panna (Exclusive edition)","278000"
"216","굿라이프웍스","미디움 피쉬테일 하프 야상 카키","68900"
"217","랩101","COZY CORDUROY BEIGE SHACKET","76300"
"218","스미스아머","SA 투턱 벌룬핏 트윌 카고 팬츠_브라운","118000"
"219","와일드 브릭스","EN BANDANA (mustard)","24000"
"220","모노노","Vintage Mail Bag_Wax Canvas Camel","68000"
"221","베이크솔","이스트 YEAST Anthracite_Wood","72000"
"222","로맨틱크라운","피쉬테일 더플 코트_카키","142800"
"223","그리너리 크리드","핀더 와이드 코듀로이 셔츠 아이보리 / GMCJK04-1791FW21","57000"
"224","맥우드건","W 카룬 4209 카고 벌룬핏 베이지 팬츠","63600"
"225","라플로리다","브랜든 블랙 뿔테 안경 GLASSES","33800"
"226","카네이테이","보헤미안 (블랙)","139000"
"227","리프로덕션 오브 파운드","German Military Black (Exclusive edition)","278000"
"228","씨오큐","CONTRAST COTTON JACKET_LIGHT BEIGE","79200"
"229","볼컴","DYEING 포켓 오버핏 긴팔 셔츠(베이지)","129000"
"230","빅웨이브 컬렉티브","SEASIDE UTILITY PANTS (KHAKI MOSS)","71200"
"231","한글안경","서울컬렉션 익선 블랙","48000"
"232","아웃도어 프로덕츠","211334 토트백 211334 TOTE BAG 21FW","79000"
"233","코닥","코닥 메틱 BEIGE","84550"
"234","인템포무드","스트링 에센셜 후디 쉘 파카_샌드베이지","134900"
"235","글러브웍스","BASEBALL SWEATSHIRT (OATMEAL)","63700"
"236","어낫띵","WARM-FLEECE BALLOON PANTS (Khaki)","83600"
"237","와일드 브릭스","WG BASIC BRACELET (brown)","29000"
"238","프라운스","타이벡 트윈 포켓백 크래프트","118000"
"239","베이크솔","파이 하이피칸 Pie Hi_Pecan","99000"
"240","유니폼브릿지","m65 wind breaker khaki grey","179000"
"241","인템포무드","해비 코튼 썸홀 후디 : 12color","73900"
"242","유니온발란트","벌룬 팬츠 올리브","69000"
"243","와일드 브릭스","WB GEMSTONE BRACELET (beige)","29000"
"244","칼하트","D89 메신저백 블랙 / 11052301","89000"
"245","더블스타","WSTAR SONNY WS210727 BROWN","49000"
"246","유니폼브릿지","basic sweatshirts navy","58000"
"247","사운즈라이프","New Balloon Snap Pants For FW Beige","99000"
"248","유니버셜 케미스트리","Wool Brown Belted Newsboy Cap 뉴스보이캡","39000"
"249","브라스보트","왁스캔버스 카키 브리프케이스 (올리브 왁스)","318000"
"250","베이크솔","이스트 YEAST Anthracite_Wood","72000"
"251","에스피오나지","M65 Blouson Jacket Dark Grey","179000"
"252","비디알","BORDER T-SHIRT [Midnight Vanilla]","69000"
"253","에스피오나지","Wide Officer Pants Navy","100000"
"254","브래디백","킨로스 백 네이비","249000"
"255","콜체스터","콜체스터(COLCHESTER) NICK 스니커즈 (mens) C720058MB-M","118000"
"256","에스피오나지","Ray Yacht Parka Olive","119000"
"257","러프사이드","2턱 와이드 팬츠 네이비","138000"
"258","캡스앤스터프","따숨이 숏비니(브라운)","29000"
"259","브래디백","라지 아리엘 트라우트 피싱 백 헤이즐넛","435000"
"260","푸마","스웨이드 클래식 XXI - 레드:화이트 / 374915-02","68900"
"261","프리키쉬빌딩","PUNT ZIP UP WORK JACKET (BEIGE)","103200"
"262","윌리엄스버그 뉴욕시티","Classic Logo Heavy Sweat Shirt_Melange Grey","89000"
"263","유니폼브릿지","UxP climbing chino pants khaki","159000"
"264","더프레치아","프리모 캔버스 토트백 아이보리 브라운","55000"
"265","클락스","WALLABEE M 26156605","186000"
"266","유니폼브릿지","22ss raf mk3 jacket L green","166000"
"267","저스트세러데이","오버 바이오 스마일 셔츠 라이트그레이","43200"
"268","유니스디자인","이지 카펜더팬츠_오크브라운","64800"
"269","아날로그무드","프롤로그 크로스백 (와인)","34900"
"270","마우","몬터 화이트","138000"
"271","파르티멘토","ECWCS 파카 자켓 카키","41000"
"272","라퍼지스토어","오버핏 스트라이프 럭비 니트_Mustard","47000"
"273","파르티멘토","코튼 와이드 테이퍼드 크롭 팬츠 베이지","39900"
"274","에콴디노 햇","에콴디노햇 스페셜 와치캡 비니 머스타드","42000"
"275","브래디백","라지 아리엘 트라우트 피싱 백 헤이즐넛","435000"
"276","캐치볼","캐치볼 X 이스트하버서플러스 _ 애버그린 패드","107100"
"277","무신사 스탠다드","오버사이즈 코듀로이 트러커 재킷 [베이지]","69900"
"278","무신사 스탠다드","스웨트셔츠 [브라운]","20900"
"279","무신사 스탠다드","코튼 린넨 와이드 이지 팬츠 [카키]","31900"
"280","베지터블테이블","NEW 베이직 코튼 뉴스보이캡 베이지","35840"
"281","세누에르도","Hook classic - nude beige","48000"
"282","브래디백","스몰 아리엘 트라우트 피싱 백 헤이즐넛","418000"
"283","베이크솔","파이 로우피칸 Pie Lo_Pecan","88000"
"284","유니폼브릿지","22ss utility mountain jacket black","179000"
"285","이벳필드","[로우로우X이벳필드] 베츠 풀로고 스웻셔츠 카키","55200"
"286","기프트오리지널","(UNISEX) 기프트 체크 셔츠","13900"
"287","유니폼브릿지","m65 balloon pants beige","98000"
"288","빅웨이브 컬렉티브","S.S.G WATCH CAP (PUMPKIN ORANGE)","26100"
"289","피즈","[HAZZYS PHIZ][남녀공용] 오프화이트 피즈크루 빅로고 에코백","22750"
"290","어더스","이유 70S 로우  카키","49900"
"291","언아웃핏","유니섹스 오버핏 M-51 피쉬테일 파카 v3 카키","75900"
"292","니티드","소프트코튼 7G 싱글 헨리넥 베스트 BROWN","49800"
"293","다이아몬드 레이라","[코듀로이]헤비 S85 아이보리","66600"
"294","오오엠스튜디오","코듀로이 와이드 팬츠_아이보리","63500"
"295","유니폼브릿지","wool beret brown","37200"
"296","모노노","6 Pocket 3 Way Bag_Wax Canvas Camel [왁스캔버스]","58000"
"297","클락스","WALLABEE M 26162646","258000"
"298","유니폼브릿지","hooded fishing parka orange","143000"
"299","아웃스탠딩","ATH SWEAT(GYMNASTICS CLUB)_GREEN","51100"
"300","유니폼브릿지","m65 balloon pants beige","98000"
"301","라플로리다","브랜든 블랙 뿔테 안경 GLASSES","33800"
"302","칼하트","D89 메신저백 크로스백","83900"
"303","캐치볼","오리지날 플러스 홀리데이 _ 다크 그린","80100"
"304","브이투","587 FISHTAIL COAT PADDING_KHAKI","119200"
"305","페매니쉬","린넨 미드 라인 셔츠_베이지","9900"
"306","굿라이프웍스","코튼 스트레이트 팬츠 베이지","34200"
"307","유니버셜 케미스트리","Cool Brown Newsboy Cap 뉴스보이캡","39000"
"308","모노노","밀리터리 헬멧백 Helmet Bag - 왁스캔버스 ( Camel )","68000"
"309","클라우스고란","스니커즈 Low8 Holes Cactus","52900"
"310","에스피오나지","Ray Wind Parka Beige","159000"
"311","에노우","오버사이즈 스트라이프 긴팔 티셔츠_베이지(EN2CSMT510A)","41300"
"312","유니버셜 케미스트리","Fleece Belted Ivory Beret 후리스 베레모","39000"
"313","아날로그무드","메모리얼 크로스백 (카키)","43900"
"314","리프로덕션 오브 파운드","German Military Panna (Exclusive edition)","278000"
"315","객","리버시블 항공 점퍼 카키","214200"
"316","언더베이스","티핑 포인트 후드 카키 ISHD9096","41700"
"317","에이전트픽","A.P 치노 팬츠 아이보리","51750"
"318","푸마 셀렉트","푸마 X 메종 키츠네 피셔맨 비니 - 브라운 / 023550-01","33900"
"319","이벳필드","[로우로우X이벳필드] 스트링 크로스백 블랙","35200"
"320","푸마","스웨이드 검 - 브라운:검 / 381174-02","44900"
"321","리","퍼스트 포켓  왁스 자켓 블랙","132000"
"322","이벳필드","베츠 브이넥 배색 니트 그린","53400"
"323","이벳필드","오버핏 포켓 체크셔츠 오렌지","49500"
"324","아비쏘","Comfortable Pants (Khaki)","87200"
"325","비욘드클로젯","노맨틱 로얄 체크 와이드 머플러 틸 블루","39800"
"326","배러댄서프","CANVAS BAG ivory","29000"
"327","콜맨슈즈","클레오 방한 슬립온 퍼 스니커즈 운동화 카멜","33100"
"328","컨버스","유틸리티 트랜지셔널 리버시블 재킷 노마드카키 10021950-A04","109000"
"329","유니폼브릿지","vtg workless sweatshirts oatmeal","62100"
"330","페프스튜디오","코듀로이 와이드 밴딩팬츠 (베이지)","84150"
"331","언더컨트롤","BEANIE / MONK FIT / ORANGE","20800"
"332","모노노","Vintage Mail Bag_Wax Canvas Camel","68000"
"333","컨버스","척 70 클래식 파치먼트 162053C","99000"
"334","프리즘웍스","MOUNTAIN PADDING VEST _ OLIVE","103600"
"335","유니폼브릿지","hooded short parka d.beige","101000"
"336","유니폼브릿지","vtg nsc logo sweatshirts oatmeal","34500"
"337","치키타","[남녀공용] CU20-4 코듀로이 트라우저 카키 CU204PT01KH","118000"
"338","와일드 브릭스","ANGLER CAP (brown)","42000"
"339","오버다인","스퀘어 미니 숄더 크로스백 (아이보리)","37500"
"340","커버낫","모노 베이지","62300"
"341","에스피오나지","Miller Heavyweight Cardigan Dust","121000"
"342","유니폼브릿지","vtg us army sweatshirts oatmeal","62100"
"343","파나컬트","코듀로이 와이드 벌룬 밴딩 팬츠  - KHAKI","47000"
"344","언더컨트롤","BEANIE / RIB / LOOSE / UC / D BROWN","22400"
"345","벗딥","19 STANDARD TOTE-MUSTARD","28200"
"346","윙스풋","BILLY MENS 슬립온 W830002NB-M","97000"
"347","와이엠씨엘케이와이","USN N-1 Deck Jacket - Khaki","191200"
"348","유니폼브릿지","collar button knit beige","116000"
"349","낫포너드","Wide String Cargo Slacks Pants - Ivory","39000"
"350","유니버셜 케미스트리","Belted Bold Corduroy Beige Newsboy Cap 뉴스보이캡","39000"
"351","더프레치아","프리모 쁘띠 캔버스 토트백 아이보리 브라운","50000"
"352","닥터마틴","1461 3홀 빈티지브라운 11838201","190000"
"353","유니폼브릿지","UxP type-1 mountain utility parka brown","219000"
"354","페매니쉬","린넨 미드 라인 셔츠_베이지","9900"
"355","제멋","크런치 코듀로이 밴딩 팬츠 딥베이지 YHLP2391","36900"
"356","와일드 브릭스","HBT NEWSBOY CAP (brown)","42000"
"357","블루이","노트북에코백 (아이보리)","24000"
"358","올클래식","ALC100 German_Sneakers Beige","164800"
"359","니티드","벌키 브러쉬 다이아몬드 가디건 BEIGE","77400"
"360","그리너리 크리드","핀더 와이드 코듀로이 셔츠 아이보리 / GMCJK04-1791FW21","57000"
"361","유니버셜 오버롤","[T-03] 코듀로이 스탠다드 팬츠 모카","79200"
"362","프라운스","타이벡 트윈 포켓백 화이트","118000"
"363","팀버랜드","남자 팀버랜드 6인치 프리미엄 부츠 / 10061-713","258000"
"364","제로라운지","베이지 양털카라 필드 점퍼","129000"
"365","유니폼브릿지","vtg ny arch logo sweatshirts oatmeal","34500"
"366","엑스트라오디너리","UTILITY RIPSTOP PANTS KHAKI","139000"
"367","브래디백","라지 아리엘 트라우트 피싱 백 카키","435000"
"368","에버라스트 슈즈","에버라스트 겨울 남자 퍼 워커 부츠","69000"
"369","유니폼브릿지","UxP type-1 mountain utility parka black","219000"
"370","에스피오나지","Heritage Heavy Weight Half Zip Sweat Grey","99000"
"371","유니폼브릿지","UxP climbing chino pants khaki","159000"
"372","에스피오나지","Nylon Hiking Cap Dark Orange","39000"
"373","유니폼브릿지","mini sacoshe bag blue","23200"
"374","클락스","WALLABEE 26155515","206400"
"375","아퐁","퀼팅 시그니처 패딩 점퍼_Brick","79000"
"376","다이아몬드 레이라","[코듀로이]헤비 S85 아이보리","66600"
"377","하이드아웃","투턱 와이드 치노 팬츠 (Beige)","55300"
"378","와일드 브릭스","TARTAN CHECK FRINGE SCARF (orange)","49000"
"379","아날로그무드","노벨 크로스백 (베이지)","35900"
"380","베이크솔","이스트 YEAST Pesto_Pesto","72000"
"381","모노플로우","숏 몬스터 파카 SHORT MONSTER PARKA","129000"
"382","아퐁","퀼팅 시그니처 패딩 점퍼_Ivory","63200"
"383","티메이커","[IV]TMR-MG005 [TMAKER 맨투맨]","48930"
"384","플라스틱프로덕트","코듀로이 팬츠 (브라운)","138000"
"385","유니버셜 케미스트리","Belted Bold Corduroy Khaki Newsboy Cap 뉴스보이캡","39000"
"386","더프레치아","프리모 쁘띠 캔버스 토트백 아이보리 브라운","50000"
"387","클락스","WALLABEE BOOT 26155516","208500"
"388","페플","블랭크 플리스 가디건 5종 아이보리 SJOT1292","32500"
"389","이벳필드","오버핏 포켓 체크셔츠 오렌지","49500"
"390","유니어패럴","코듀로이 데일리 팬츠 베이지","32900"
"391","언더컨트롤","MOLD CAP / VNTG / OLIVE","30400"
"392","프리즘웍스","[FWS X MAZI UNTITLED] REVERSIBLE BANDANA BORE BAG _ IVORY","68000"
"393","베이크솔","이스트 YEAST Wood_Wood","72000"
"394","리","트위치 로고 리버시블 보아 플리스 베스트 베이지","87000"
"395","유니폼브릿지","UxP string oxford shirts blue","129000"
"396","코스트원더","CTWD 하프 밴딩 코튼 벌룬 팬츠-올리브","72000"
"397","와일드 브릭스","FINGERLESS GLOVES","19000"
"398","더프레치아","프리모 캔버스 토트백 아이보리 카키","55000"
"399","클레망","파드레 V Beige","165000"
"400","아워스코프","Zip-up Wool Bellows Jacket (Brown)","138600"
"401","브룩스 브라더스","램스울 페어아일 크루넥 스웨터 (31684511)","273000"
"402","레드맨션","헤비 코튼 원턱 크림 팬츠","40800"
"403","와일드 브릭스","BS DENIM HUNTING CAP (denim)","42000"
"404","안데르센 안데르센","숏 머플러 Off White","95000"
"405","유나이티드뱀부","ULB031_웨이브 가죽 숄더백 루이스_카멜 베이지","290000"
"406","네임드슈즈","스페니쉬 보트슈즈 (오일리 연밤)","188000"
"407","이에스와이25","벨루에 비건 울 더플 코트 (베이지)","43000"
"408","미뇽네프","레트로 폰트 헤비오버핏  맨투맨 퍼플_기모","19900"
"409","빅웨이브 컬렉티브","SEASIDE CORDUROY PANTS (OLIVE GREEN)","71200"
"410","모노플로우","21 코듀로이 와치캡 [MF]21 CORDUROY WATCH CAP","29900"
"411","그레이버","[UNISEX]퍼플 플라워 자수 크로스 메신저백_블랙","38500"
"412","매니펠로","Canvas sneakers Ivory FLMPAA1U11","39900"
"413","무신사 스탠다드","폴라 익스플로러 파카 [베이지]","113890"
"414","무신사 스탠다드","오버사이즈 옥스포드 셔츠 [스카이 블루]","31900"
"415","무신사 스탠다드","레귤러 핏 코듀로이 팬츠 [카키]","32900"
"416","언더컨트롤","MOLD CAP / TWILL COTTON / D BROWN","28000"
"417","에이지 그레이","빈티지크로스카툰투포켓(카키베이지)","47600"
"418","윙스풋","BILLY MENS 슬립온 W830002NB-M","97000"
"419","로드 존 그레이","military down short parka brown","359100"
"420","더마트로프","TMR O.T 맨투맨 [카키]","33900"
"421","필루미네이트","유니섹스 오버핏 나이브 체크 셔츠-카키","24500"
"422","와이엠씨엘케이와이","US M-65 Field Pants - Black","102400"
"423","솔티","Cashmere Watch Cap (Orange)","23800"
"424","디아도라","스쿼시 SL WHITE","139000"
"425","코닥","컬러플러스 다운 자켓 KHAKI","329000"
"426","더블유브이프로젝트","제리 울 니트 베스트 코코아 MJKN7524","37800"
"427","필루미네이트","오버핏 프리크 체크 셔츠-레드","21500"
"428","어낫띵","WASHED-CANVAS BALLOON-FIT PANTS (Beige)","69350"
"429","포디어웍스","LW 타이","118800"
"430","클락스","WALLABEE 26155518","193500"
"431","프리즘웍스","EDGAR N-1 DECK JACKET _ NAVY","124200"
"432","모아","스너그 와이드 코듀로이 팬츠 (BROWN)","53100"
"433","애쉬컴팩트","Compound - Mahogany & Gold","98000"
"434","브래디백","라지 아리엘 트라우트 피싱 백 올리브","435000"
"435","호보켄","CIVETTA 2 BROWN (H1407)","34900"
"436","러기드하우스","로고 니들 포인트 점퍼 다크베이지","99000"
"437","유니폼브릿지","1960 sweatshirts khaki","59000"
"438","다이아몬드 레이라","플러프 무드 체크 셔츠 S24 브라운","51000"
"439","그라미치","루즈테이퍼드 팬츠 Black","119000"
"440","유니버셜 케미스트리","Belted Bold Corduroy Khaki Newsboy Cap 뉴스보이캡","39000"
"441","카고브로스","CB 하프 서클 크로스백 (블랙)","29000"
"442","리프로덕션 오브 파운드","German Military Panna (Exclusive edition)","278000"
"443","레투","오버핏 퀼팅자켓 [라이트카키]","44000"
"444","에스피오나지","Bonded Fleece Jacket Ivory","151000"
"445","라이프 아카이브","라이프 1936 스웨트셔츠 맨투맨_오트밀","62100"
"446","엑스톤즈","XP90 코듀로이 벌룬 팬츠 (BROWN)","44500"
"447","치키타","[남녀공용] CU20-4 니트 비니 브릭 CU204AC01BC","48000"
"448","수에뇨스튜디오","심플 레터링 캔버스백","14800"
"449","윙스풋","BILLY MENS 슬립온 W830002NB-M","97000"
"450","비디알","ALPACA 2POCKET HEAVY SHORT COAT [Red Brown]","299000"
"451","예일","FELT EMBLEM LOGO CREWNECK GRAY","50400"
"452","유니온발란트","옥스포드 셔츠 스트라이프 베이지","69000"
"453","유니온발란트","벌룬 팬츠 크림","69000"
"454","돈애스크마이플랜","DAMP CHECK MUFFLER_BLACK/MUSTARD","39000"
"455","브라스보트","내추럴 왁스캔버스 토트백","228000"
"456","클락스","WALLABEE BOOT 26155516","208500"
"457","유니폼브릿지","stripe polo l/s tee ivory","63000"
"458","커버낫","앵클컷 코튼 벌룬 팬츠 올리브","55300"
"459","로이흐트포이어 슈트릭바렌","슈트릭바렌 오리지널 와치캡 와파거 레드","39000"
"460","브라스보트","왁스캔버스 헌터그린 브리프케이스 (올리브 왁스)","318000"
"461","컬러콜라","BLACK OVER SOLE TYROLEAN SHOES","230000"
"462","사운즈라이프","Monster Parka Grey","259000"
"463","폴루션","REVERSIBLE SHRPA JACKET BROWN (PKHAWJK020_BR)","178000"
"464","프리즘웍스","OVERSIZED ALTERNATE STRIPE TEE _ BEIGE","36400"
"465","에스피오나지","Relax Fit 7 Cut Easy Pants Tan","96000"
"466","와일드 브릭스","HBT NEWSBOY CAP (brown)","42000"
"467","브래디백","라지 아리엘 트라우트 피싱 백 카키","435000"
"468","쏘로굿","목토 6인치 브라운 814-4203","275000"
"469","휠라","아카이브 몬스터 파카(FE2DJD6102XGKH)","169000"
"470","프리즘웍스","OG HEAVYWEIGHT SWEATSHIRT _ IVORY","27000"
"471","유니온발란트","벌룬 팬츠 베이지","69000"
"472","브라운브레스","BB GLOVE - 3 colors","17100"
"473","포디어웍스","LW 타이","118800"
"474","쏘로굿","목토 6인치 토바코 804-4200 (스틸토)","279000"
"475","프리즘웍스","EDGAR N-1 DECK JACKET _ OLIVE","124200"
"476","다이아몬드 레이라","[코듀로이]헤비 S85 아이보리","66600"
"477","오버다인","위켄드 토트 크로스백 (아이보리)","68800"
"478","클레망","파드레 V Beige","165000"
"479","리","퍼스트 포켓  왁스 자켓 블랙","132000"
"480","예일","EMBROIDERY RUGBY SPLIT CREWNECK BLACK / CREAM","49500"
"481","굿라이프 어드벤처클럽","DENIM OVERALL VER.1 BLACK","96600"
"482","브래디백","스몰 아리엘 트라우트 피싱 백 헤이즐넛","418000"
"483","캐치볼","밀리터리 스탠다드 코듀로이 _ 러스트 오렌지","119200"
"484","어낫띵","WARM-FLEECE HERITAGE CARDIGAN (Gray)","83600"
"485","유니폼브릿지","vtg us army logo sweat hood black","71100"
"486","어낫띵","WARM-FLEECE BALLOON PANTS (Gray)","83600"
"487","스미스아머","SA 니트 스컬 캡_블랙","29000"
"488","유니폼브릿지","2way pouch bag green","33600"
"489","커버낫","컴피 모카신 브라운","69300"
"490","어낫띵","WOOL KNIT TOGGLE-BUTTON CARDIGAN (Khaki)","79800"
"491","말렌","unisex tencel side shirts brown","115000"
"492","어낫띵","WARM-FLEECE BALLOON PANTS (Khaki)","83600"
"493","그린스터프","무심한듯 박시한 쇼퍼백 53 페이즐리 에코백- all ivory","41650"
"494","메종 마르지엘라","타비 S37WS0578 P4291 T8013 남자 스니커즈","428000"
"495","유니폼브릿지","21fw shelter down parka burgundy","269000"
"496","유니폼브릿지","vtg navy sports arch logo sweatshirts 1% melange","69000"
"497","유니폼브릿지","two tuck wool slacks black","143000"
"498","리트리버클럽","APPLIQUE R SYMBOL BALL CAP [INDIGO BLUE]","35000"
"499","에스에스알엘","dual pocket messenger bag / black","92800"
"500","야세","503 5.5CM 미니멀 스퀘어 더비","69600"
"501","러기드하우스","가드너 양털 배색 웰론 점퍼 웜그레이","99000"
"502","스테이지 네임","N1 코듀로이 오버핏  셔츠 자켓_카키","63640"
"503","러기드하우스","16s BANDING PANTS 베이지","35000"
"504","와일드 브릭스","PL TWEED HUNTING CAP (slate grey)","69000"
"505","아날로그무드","메모리얼 크로스백 (베이지)","43900"
"506","레드윙","6인치 목토 8847 - 블랙 체리 엑스칼리버","398000"
"507","비욘드클로젯","노맨틱 퍼 리버시블 무스탕 베이지","208600"
"508","아웃도어 프로덕츠","페어아일 크루넥 니트 FAIRISLE CREWNECK KNIT","129000"
"509","사운즈라이프","New Balloon Snap Pants For FW Beige","99000"
"510","블랙쉽","쁘띠 머플러 - 에크루","68000"
"511","프라운스","타이벡 트윈 포켓백 크래프트","118000"
"512","윙스풋","BILLY MENS 슬립온 W830002NB-M","97000"
"513","유니버셜 오버롤","스웨이드 숏 다운 자켓 베이지 x 브라운","209300"
"514","카멜워크","마이애미 스웨트셔츠(베이지그레이)","41000"
"515","메리제임스","SERDIN SHIRTS - YELLOW","19900"
"516","굿라이프웍스","와이드 절개 벌룬팬츠 코튼 카키","47200"
"517","언더컨트롤","BEANIE / MONK FIT / BROWN","20800"
"518","에이제로","페이퍼 레더백 L [아이보리]","89000"
"519","베이크솔","이스트 YEAST Ecru_Butter","72000"
"520","미니멀웍스","왁스 헌팅 자켓","218000"
"521","니티드","소프트코튼 7G 싱글 헨리넥 베스트 BLACK","49800"
"522","유니온발란트","옥스포드 셔츠 화이트","69000"
"523","유니온발란트","퍼티그 팬츠 브라운","65000"
"524","유니버셜 케미스트리","Cool Brown Newsboy Cap 뉴스보이캡","39000"
"525","브래디백","라지 아리엘 트라우트 피싱 백 카키","435000"
"526","닥터마틴","8053 블랙 나파","200000"
"527","기프트오리지널","[리뉴얼 ver](UNISEX)덕다운  G 로고 패딩_캬라멜브라운","50700"
"528","더마트로프","TMR 오피스룩 맨투맨 [크림]","32900"
"529","필루미네이트","오버핏 프로우 체크 셔츠-베이지","22500"
"530","에스피오나지","Wide Officer Pants Grey Olive","100000"
"531","와일드 브릭스","TARTAN CHECK FRINGE SCARF (orange)","49000"
"532","쏘로굿","목토 6인치 토바코 814-4200","269000"
"533","다이아몬드 레이라","[리버시블]플리스 & 패딩 베스트 V2 라이트 카키","69000"
"534","에즈카톤","올데이 폴라티 브라운 JELT6539","19500"
"535","유니온발란트","벌룬 팬츠 베이지","69000"
"536","라모랭","New Stickcap Color Mix Orange Mix","42000"
"537","오버다인","위켄드 토트 크로스백 (카키)","68800"
"538","클레망","파드레 V Beige","165000"
"539","프리즘웍스","OSCAR FISHTAIL JACKET 002 _ IVORY","143200"
"540","유니폼브릿지","vtg us army sweatshirts oatmeal","62100"
"541","파나컬트","코듀로이 와이드 벌룬 밴딩 팬츠  - KHAKI","47000"
"542","플레어업","FLARE Knit Beanie (FL-710)","25000"
"543","반스","올드스쿨 - (피그 스웨이드) 홀리데이 스파이스:데미타스 / VN0A5JMI8DB1","59900"
"544","플루크","헤비 패디드 클립 롱 패딩 카키 FPJ208","109000"
"545","디미트리블랙","코듀로이 퍼티그 베스트 체스트넛","65520"
"546","그리너리 크리드","핀더 와이드 코듀로이 셔츠 아이보리 / GMCJK04-1791FW21","57000"
"547","페프스튜디오","코듀로이 와이드 밴딩팬츠 (베이지)","84150"
"548","와일드 브릭스","LB TWEED NEWSBOY CAP (brown)","69000"
"549","모노노","8 Pocket 3 Way Bag_Wax Canvas Camel","63000"
"550","캠퍼","남성 앵클부츠로우 Camaleon 1975 K300419-002","208600"
"551","더블유브이프로젝트","몬스터 덕다운 파카 베이지 JJOT7521","122500"
"552","어반드레스","아가일 오버핏 니트 - 브라운","45500"
"553","객","터틀넥 폴라티 아이보리","44100"
"554","더블유브이프로젝트","츄로스 코듀로이 밴딩 팬츠 베이지 CJLP7423","35900"
"555","피스메이커","CASHMERE FINGERLESS GLOVES (BROWN)","29000"
"556","와일드 브릭스","CANVAS NEWSBOY BAG (khaki)","128000"
"557","버켄스탁","체르마트 퍼 밍크 1020055","209200"
"558","타이온","밀리터리 지퍼 V 넥 다운 자켓 - 올리브 / TAION-101ZML-1-OLIVE","109000"
"559","라퍼지스토어","시티보이 빅오버 워싱 데님 셔츠_Light Blue","49000"
"560","트릴리온","[패키지] 에센셜 레이어드 롱 슬리브 티셔츠","36900"
"561","디스이즈네버댓","Washed Easy Jean Blue","62300"
"562","애쉬컴팩트","Tar (compact) 48 - Black","78000"
"563","클락스","WALLABEE 26155515","206400"
"564","모디파이드","M1924  오버핏 코듀로이 트러커 자켓 (베이지)","89000"
"565","모디파이드","M2064 울 라운드넥 가디건 (네이비)","58500"
"566","모디파이드","M2023_시티라이프 스티치 셔츠 (소라)","53000"
"567","모디파이드","M2040_퍼티그 팬츠 (카키)","61000"
"568","래쉬","CLIFT(48) BLD","205000"
"569","와이엠씨엘케이와이","Helmet Bag - Olive","59000"
"570","제멋","레인지 투웨이 푸퍼 카키 YHOT2363","113000"
"571","티메이커","[IV]TMR-ML001 [TMAKER 맨투맨]","41930"
"572","디미트리블랙","코듀로이 퍼티그 팬츠 체스트넛","58400"
"573","유니버셜 케미스트리","Soft Suade Beige Newsboy Cap 뉴스보이캡","39000"
"574","벗딥","20 2웨이 베리어스백-베이지","38200"
"575","클락스","WALLABEE M 26156605","186000"
"576","오버캐스트","Wep Down Jacket (Olive Drab)","164000"
"577","꼬모니노즈","리버시블 플리스 베스트 REV FLEECE VEST","34950"
"578","사운즈라이프","Corduroy Shirt Standard Fit Burgundy","89000"
"579","굿라이프웍스","코튼 스트레이트 팬츠 베이지","34200"
"580","유니버셜 케미스트리","Belted Bold Corduroy Khaki Newsboy Cap 뉴스보이캡","39000"
"581","카브카","캔버스 미니백 [베이지]","60000"
"582","레인보우샌들","모카신 로퍼 EXPRESSO","135000"
"583","비헤비어","FOUNDLAND FLEECE JACKET olive","153300"
"584","이세","한복 워커 재킷 - 샌드 / FW21-03-07A","305900"
"585","어반드레스","유니섹스 플랙스 오버핏 골지 폴라 니트 베이지","16200"
"586","토피","코듀로이 벌룬핏 밴딩 팬츠 (BLACK)","39000"
"587","이세","패디드 버킷 햇 - 차콜 / FW21-05-03A","43900"
"588","마지언타이틀","클램백 (블랙)","58000"
"589","브랜즈","루이스 레더 화이트","73400"
"590","코어스","오리지널 M65 피시테일 파카_블랙","84900"
"591","아퐁","퀼팅 시그니처 패딩 점퍼_Brick","79000"
"592","예일","EMBROIDERY HANDSOME DAN CORDUROY SHIRT IVORY","55300"
"593","포스333","Take a Hike Cargo Pants/Black","115000"
"594","바잘","오디너리 오버핏 코튼 볼캡 베이지","31500"
"595","그레고리","크로스백 티니 메신저 - SAND","49000"
"596","볼라","[Bolla] B7422 KAKI 스페인 스니커즈 made in spain","20900"
"597","유씨 버클리","CAL DUFFLE COAT KA [IVORY]","263200"
"598","유니온발란트","유니온 스웨트셔츠 네이비","59000"
"599","유니온발란트","벌룬 팬츠 올리브","69000"
"600","와일드 브릭스","WOOL HC STOLE (beige)","37800"
"601","브래디백","라지 아리엘 트라우트 피싱 백 네이비","435000"
"602","베이크솔","파이 애플 Pie Apple","88000"
"603","무신사 스탠다드","다운 푸퍼 숏 패딩 재킷 [카키]","119900"
"604","무신사 스탠다드","쉐르파 플리스 집업 베스트 [베이지]","25890"
"605","무신사 스탠다드","플랫 테리 오버사이즈 스트링 스웨트셔츠 [머스터드]","28900"
"606","무신사 스탠다드","와이드 코듀로이 팬츠 [라이트 베이지]","32900"
"607","사르토르 리사르투스","[사르토르] 헤링본 머플러 3종 Golden Brown Herringbon","25000"
"608","에이제로","포스트백 [누벅 카라멜]","76000"
"609","리프로덕션 오브 파운드","German Military Panna (Exclusive edition)","278000"
"610","프리즘웍스","EDGAR N-1 DECK JACKET _ OLIVE","124200"
"611","유니폼브릿지","1960 crew neck knit green","107000"
"612","어낫띵","WARM-FLEECE BALLOON PANTS (Black)","83600"
"613","와일드 브릭스","HBT NEWSBOY CAP (brown)","42000"
"614","와일드 브릭스","TARTAN CHECK FRINGE SCARF (olive)","49000"
"615","클레망","파드레 VV Black","198000"
"616","유니폼브릿지","shell down parka brown","269000"
"617","예일","WARM UP QUILTING VEST KHAKI","53400"
"618","말렌","unisex short collar shirts white","115000"
"619","앵글런","리지드 인디고 데님 벌룬 팬츠","125100"
"620","베지터블테이블","코코넛 믹스 칼라 머플러 브라운","28650"
"621","벤 데이비스","오리지널 빅 메신저백 블랙","79000"
"622","제이다울","스퍼브 코듀로이_SUPERB CORDUROY KHAKI_JD13","62100"
"623","하프크라이즈","미쉐린 웰론 숏패딩 PD-100_LK","79000"
"624","디미트리블랙","코듀로이 퍼티그 베스트 체스트넛","65520"
"625","프리즘웍스","HEAVY 8W CORDUROY SHIRT JACKET _ IVORY","63200"
"626","미니멀프로젝트","퍼티그 벌룬 코듀로이 팬츠 MPT110 [KHAKI]","47800"
"627","유니버셜 케미스트리","Thunder Ivory Corduroy Earflap Cap 귀달이모자","55000"
"628","포디어웍스","LW 타이","118800"
"629","레인보우샌들","모카신 로퍼 EXPRESSO","135000"
"630","모노플로우","숏 몬스터 파카 SHORT MONSTER PARKA","129000"
"631","모노플로우","울 블랜디드 니트 WOOL BLENDED SWEATER","59900"
"632","앵글런","Fatigue Rib Army Balloon Pants - Ivory","126000"
"633","유니버셜 케미스트리","Brown Low Poly Newsboy Cap 뉴스보이캡","39000"
"634","와일드 브릭스","AW BASIC TOUCH GLOVES (brown)","19000"
"635","포디어웍스","LW 블랑코크로스L","199800"
"636","제이다울","코니 플레인_CONNIE PLAIN TAN BEIGE_JD13","80100"
"637","프리즘웍스","VINCENT M65 FISHTAIL PARKA 003 _ IVORY","168300"
"638","필루미네이트","시티보이 빅 히트 셔츠-브라운","35250"
"639","코스트원더","CTWD 하프 밴딩 코튼 벌룬 팬츠-올리브","72000"
"640","논픽","WICKED_BR","65400"
"641","더프레치아","프리모 캔버스 토트백 아이보리 카키","55000"
"642","쏘로굿","목토 6인치 블랙월넛 814-4266 (120주년한정판)","269000"
"643","유니폼브릿지","UxP type 1 ma-1 bomber jacket grey","219000"
"644","꼬모니노즈","리버시블 플리스 베스트 REV FLEECE VEST","34950"
"645","프리즘웍스","NYLON 3 POCKET SHIRT JACKET _ BEIGE","57600"
"646","코스트원더","CTWD 하프 밴딩 코튼 벌룬 팬츠-베이지","72000"
"647","언더컨트롤","MOLD CAP / TWILL COTTON / D BROWN","28000"
"648","블루이","노트북에코백 (아이보리)","24000"
"649","레인보우샌들","모카신 슈즈 EXPRESSO","135000"
"650","커버낫","C 로고 울 바시티 자켓 카키","153300"
"651","니티드","벌키 브러쉬 아가일 가디건 BROWN","79200"
"652","필루미네이트","[리뉴얼] B-스테디 하프 폴라넥-아이보리","17250"
"653","어반스터프","와이드 카고 코듀로이 팬츠 (브라운)","50150"
"654","와일드 브릭스","LB TWEED NEWSBOY CAP (brown)","69000"
"655","포디어웍스","LW 타이","118800"
"656","솔랩","SL702 저먼 Skate Boarder","78000"
"657","유니폼브릿지","3pocket fleece jacket brown","69000"
"658","노운","wrinkle shirt jacket (khaki)","128000"
"659","비에스래빗","미드90 루즈핏 배기 코듀로이 팬츠 아이보리","99000"
"660","유니버셜 케미스트리","Black Newsboy Cap 뉴스보이캡","39000"
"661","윙스풋","BILLY MENS 슬립온 W830002NB-M","97000"
"662","쿠어","구스다운 클라우드 패딩 (브라운)","251100"
"663","프리즘웍스","OG PIGMENT DYEING LONG SLEEVE _ BROWN","45600"
"664","코스트원더","CTWD 하프 밴딩 코튼 벌룬 팬츠-베이지","72000"
"665","와일드 브릭스","LB TWEED NEWSBOY CAP (brown)","69000"
"666","벤크","토트 탄브라운","156000"
"667","솔랩","SL835 WW2 미해군 트레이너 카키","43000"
"668","바스틱","세미 오버 푸퍼 숏 패딩_베이지","48300"
"669","디미트리블랙","아가일 모헤어 니트 가디건 베이지","87750"
"670","퍼스텝","피그먼트 루즈핏 셔츠 베이지 SMLS4058","40700"
"671","토피","코듀로이 벌룬핏 밴딩 팬츠 (BEIGE)","39000"
"672","유니버셜 케미스트리","Belted Bold Corduroy Khaki Newsboy Cap 뉴스보이캡","39000"
"673","프라운스","타이벡 트윈 포켓백 크래프트","118000"
"674","클락스","WALLABEE 26155515","206400"
"675","나우앤투모로우","M 리버시블 롱 피쉬테일 점퍼 M REVERSIBLE LONG FISHTAIL JP","94500"
"676","유니폼브릿지","quilted liner jacket khaki","107100"
"677","디미트리블랙","(올시즌) 베이직 세미 오버핏 레이어링 셔츠 화이트","49300"
"678","브론슨","베드포드 코드 팬츠 올리브","105000"
"679","와일드 브릭스","HEAVY WEIGHT MARINE WATCH CAP (brown)","28000"
"680","언더컨트롤","FINGERLESS / UDC / MELANGE / WOOD BROWN","15200"
"681","쏘로굿","목토 6인치 브라운 814-4203","275000"
"682","글러브웍스","BASEBALL SWEATSHIRT (OATMEAL)","63700"
"683","엘리오티","Overfit Check Shirts_Black","46800"
"684","와이엠씨엘케이와이","French M47 Field Pants - Brown","102400"
"685","와일드 브릭스","FINGERLESS GLOVES (burnt orange)","19000"
"686","브래디백","라지 아리엘 트라우트 피싱 백 카키","435000"
"687","베이크솔","파이 하이피칸 Pie Hi_Pecan","99000"
"688","에스피오나지","ECWCS Level 7 Parka Beige Olive","251000"
"689","에스피오나지","Relax Fit 7 Cut Easy Pants Tan","96000"
"690","언더컨트롤","ALPACA FLEECE MUFFLER / UDC / CARAMEL BROWN","25600"
"691","브라스보트","왁스캔버스 헌터그린 브리프케이스 (올리브 왁스)","318000"
"692","돔바","볼더 BOULDER [M-6402] (WHEAT)","9900"
"693","나우앤투모로우","패디드 발마칸 코트 PADDED BALMACAAN CT","44700"
"694","러기드하우스","레브 어니언 퀼팅 자켓 카키","99000"
"695","필루미네이트","유니섹스 오버핏 나이브 체크 셔츠-카키","24500"
"696","포트너스","Curve Maxi Cream Jeans","169000"
"697","페프스튜디오","시그니쳐 와펜 울 숏 비니 (카키)","33150"
"698","119레오","레토백 아이보리","48000"
"699","컬러콜라","REAL LEATHER VINTAGE LOW TOP","161000"
"700","프리즘웍스","CORDUROY VARSITY JACKET _ DARK ORANGE","117300"
"701","유니폼브릿지","1960 crew neck knit black","107000"
"702","프리즘웍스","HEAVY 8W CORDUROY SHIRT JACKET _ IVORY","63200"
"703","카고브로스","CB 벌룬 카고조거팬츠 (카키)","49000"
"704","애쉬컴팩트","Tar (compact) 48 - Warm Grey","78000"
"705","오버다인","위켄드 토트 크로스백 (아이보리)","68800"
"706","베이크솔","이스트 YEAST Anthracite_Black","72000"
"707","어반스터프","코듀로이 후디드 봄버 점퍼 (브라운)","143650"
"708","포스333","Camp Wildflower Knit Pullover/Linen","93000"
"709","다이아몬드 레이라","엘보우 다이아몬드 스티치 S68 베이지","48000"
"710","로드 존 그레이","corduroy curve pants cream beige","127200"
"711","와일드 브릭스","WG BASIC BRACELET (brown)","29000"
"712","르마인","코튼스퀘어(에크루)","38400"
"713","리프로덕션 오브 파운드","German Military Panna (Exclusive edition)","278000"
"714","후딩스","레귤러핏 스탠다드 기모 맨투맨 [브라운]","34300"
"715","후딩스","스트링 카고 팬츠[그린]","25060"
"716","윌리엄스버그 뉴욕시티","Classic Logo Point Wool Beanie_Dark Brown","39000"
"717","톰투머로우","aud slingbag [tan beige]","68000"
"718","반스","스케이트 하이 짐 이슈 - (반스 월드 코드) 그레이프 리프:블랙 / VN0A5JIUA061","49900"
"719","그라미치","다운 패딩 Chino","221400"
"720","그라미치","와이드 팬츠 Olive","119000"
"721","바잘","스터드 로고 오버핏 울 트루퍼햇 블랙","51750"
"722","투엑스유","크루스 와일드 크로스백　XVFU10105BLK","189000"
"723","쏘로굿","목토 6인치 토바코 804-4200 (스틸토)","279000"
"724","무신사 스탠다드","다운 푸퍼 숏 패딩 재킷 [카키]","119900"
"725","무신사 스탠다드","쉐르파 플리스 집업 베스트 [베이지]","25890"
"726","무신사 스탠다드","베이식 코듀로이 셔츠 [다크 오렌지]","17290"
"727","무신사 스탠다드","와이드 코듀로이 팬츠 [베이지]","32900"
"728","제이리움","캐시미어 아이리쉬 니트 글로브 오트밀","68000"
"729","옐로우스톤","메신저백 MESSENGER BAG - YS2068AG 에쉬그레이","16900"
"730","빈폴 멘","옐로이시 브라운 옥스포드 스니커즈 (BC17K1C11B)","125300"
"731","플루크","리버시블 트래블러 패딩 네이비 FPJ205","98000"
"732","올리버코튼즈","올리버 스웻셔츠 (그레이)","39500"
"733","하이드아웃","MODOO PANTS 모두바지 코듀로이 (Brown)","89000"
"734","언더컨트롤","MOLD CAP / TWILL COTTON / D BROWN","28000"
"735","브라스보트","브러쉬브라운 왁스캔버스 토트백","228000"
"736","클레망","파드레 V Beige","165000"
"737","코닥","브라우니 롱 플리스 더플자켓 KHAKI","279000"
"738","유니온발란트","유니온 스웨트셔츠 카키","59000"
"739","유니온발란트","옥스포드 셔츠 스트라이프 베이지","69000"
"740","유니온발란트","벌룬 팬츠 블랙","69000"
"741","라모랭","New Stickcap Color Mix Orange Mix","42000"
"742","그라미치","빅 쇼퍼백 Tan","48700"
"743","어반스터프","코듀로이 후디드 봄버 점퍼 (브라운)","143650"
"744","아퐁","퀼팅 시그니처 패딩 점퍼_Ivory","63200"
"745","참스","CHARMS EMBOSSING SWEATSHIRTS BR","57800"
"746","유니온발란트","퍼티그 팬츠 올리브","65000"
"747","프라운스","밀리터리 업사이클링 토트백 벙커 쿠겔 017","152000"
"748","푸마","더 네버원 스웨이드 빈티지 - 블랙:화이트:옐로우 / 383322-01","129000"
"749","글로버올","오리지널 몬티 575 Black","621000"
"750","곤니치와봉쥬르","씨티 맨투맨(오트밀)","42250"
"751","유씨엘에이","퍼안감 체크 본딩 셔켓[NAVY](UXBLS10)","99000"
"752","로우로우","위켄드 크로스백 605 Khaki","55200"
"753","어더스","이유 70S 로우  카키","49900"
"754","브릭","MATCH SWEATSHIRTS (SMILE X RUGBY)","63200"
"755","언더컨트롤 로드 하이커","URH - C - 003 - XANADU - OL","33150"
"756","브라운브레스","BB GLOVE - 3 colors","17100"
"757","캐치볼","캐치볼 X 이스트하버서플러스 _ 그레이지 패드","107100"
"758","컬럼비아 유니버시티","ROSEBOWL CHAMPIONS SWEATSHITS M그레이","49900"
"759","기프트오리지널","(UNISEX) 기프트 체크 셔츠","13900"
"760","꼬모니노즈","코튼 턱 팬츠 COTTON TUCK PT","59900"
"761","프리즘웍스","HEAVY CANVAS NEEDLEWORK BAG _ OLIVE","37950"
"762","클레망","파드레 VV Chocolate","198000"
"763","락사이코","리버시블 피쉬테일 파카 (BLACK)","80000"
"764","피즈","[HAZZYS PHIZ] UNISEX 그린 타이포로고 자수 카라니트","104250"
"765","엑스톤즈","XP90 코듀로이 벌룬 팬츠 (BROWN)","44500"
"766","리끌로우","RC E479 Khaki GLASS","26100"
"767","벤 데이비스","오리지널 니트 글러브 브라운","32000"
"768","빌링햄","하들리 프로 2020 - 블랙 / 탄","400000"
"769","베이크솔","크러스트 CRUST Ecru_Butter","129000"
"770","아더피츠","클래식 덱자켓 (카키)","119800"
"771","프리즘웍스","B&C SWEATSHIRT _ BROWN","40600"
"772","다이아몬드 레이라","[코듀로이]헤비 S85 아이보리","66600"
"773","유니온발란트","벌룬 팬츠 베이지","69000"
"774","와일드 브릭스","PL TWEED HUNTING CAP (slate grey)","69000"
"775","포디어웍스","LW 브래드크로스 L","292500"
"776","레인보우샌들","모카신 로퍼 SIERRA BROWN","135000"
"777","무신사 스탠다드","피시테일 파카 [블랙]","53890"
"778","무신사 스탠다드","브이넥 라이트 다운 베스트 [초코 브라운]","25790"
"779","무신사 스탠다드","헤비웨이트 오버사이즈 후디드 스웨트셔츠 [더스티 카키]","37900"
"780","무신사 스탠다드","레귤러 핏 카고 팬츠 [베이지]","27090"
"781","밀리어네어햇","(cotton) watch cap [DARK GRAY]","25500"
"782","벗딥","파세오 베이직 토트-네추럴/올리브","49500"
"783","호보켄","ELBERT 2 CH BROWN (H1408)","34900"
"784","파나컬트","립 퀼팅 피쉬테일 패딩 -  KHAKI","146500"
"785","유니폼브릿지","1960 sweatshirts oatmeal","59000"
"786","필루미네이트","[리뉴얼]스테디 와이드 체크 셔츠-베이지","21500"
"787","프리즘웍스","NYLON BALLOON PANTS _ BLACK","61200"
"788","유니버셜 케미스트리","Belted Bold Corduroy White Newsboy Cap 뉴스보이캡","39000"
"789","오버다인","위켄드 토트 크로스백 (아이보리)","68800"
"790","클레망","파드레 V Beige","165000"
"791","유니폼브릿지","coverall jacket beige","49000"
"792","치키타","[남녀공용] CU20-4 코듀로이 셔츠 자켓 차콜 CU204OU03CH","148000"
"793","치키타","[남녀공용] CU20-3 데님 퍼티그 팬츠 블랙 CU203PT01BK","98000"
"794","바버","바버 타탄 램스울 스카프 - 네이비","70000"
"795","모노플로우","모노플로우 퀼팅백 [MF]QUILTED BAG","59900"
"796","커버낫","컴피 모카신 블랙","69300"
"797","프리즘웍스","EDGAR N-1 DECK JACKET _ BEIGE","124200"
"798","프리즘웍스","HEAVY 8W CORDUROY SHIRT JACKET _ IVORY","63200"
"799","코스트원더","CTWD 하프 밴딩 코튼 벌룬 팬츠-베이지","72000"
"800","유니버셜 케미스트리","Belted Bold Corduroy Beige Newsboy Cap 뉴스보이캡","39000"
"801","와일드 브릭스","COTTON MINI CROSS BAG (beige)","29000"
"802","레인보우샌들","모카신 슈즈 SIERRA BROWN","135000"
"803","플루크","리버시블 트래블러 패딩 네이비 FPJ205","98000"
"804","라이프 아카이브","라이프 1936 스웨트셔츠 맨투맨_오트밀","62100"
"805","프리즘웍스","NYLON BALLOON PANTS _ OLIVE","61200"
"806","볼컴","VOLCOM X NEW ERA 익스플로러 스톤와펜 버킷햇(카키)","56000"
"807","벗딥","20 2포켓 베이직 토트-네추럴","44100"
"808","클라우스고란","스니커즈 Low8 Holes Tobacco","52900"
"809","무신사 스탠다드","아웃 포켓 다운 숏 패딩 재킷 [더스티 베이지]","129900"
"810","무신사 스탠다드","오버사이즈 코듀로이 트러커 재킷 [라이트 브라운]","69900"
"811","무신사 스탠다드","캐시미어 100 터틀 넥 니트 [베이지]","99900"
"812","무신사 스탠다드","원 턱 레귤러 핏 치노 팬츠 [베이지]","32900"
"813","마하그리드","ORIGIN LOGO SHORT BEANIE BEIGE(MG2AFMAB23A)","15000"
"814","아날로그무드","메모리얼 크로스백 (카키)","43900"
"815","러그즈","남성 ROAMER HI 브라운_MROAHGV-2013","99000"
"816","유니폼브릿지","21fw light down parka brown","269000"
"817","유니폼브릿지","1960 pullover hoodie sage green","75000"
"818","굿라이프웍스","와이드 절개 벌룬팬츠 코튼 차콜","47200"
"819","유니버셜 케미스트리","Belted Bold Corduroy Khaki Newsboy Cap 뉴스보이캡","39000"
"820","파우즈브레이크","[ORIGINAL] Sacoche Bag (Khaki)","35100"
"821","호보켄","재스퍼 브라운 양털 슬리퍼","34000"
"822","에스피오나지","Dyer Hooded Down Parka Beige","269000"
"823","카인즈","KINDS ROOF LABEL HOODIE (DEEP CREAM)","71200"
"824","로드 존 그레이","corduroy curve pants brown","127200"
"825","예일","WOOL HERITAGE HANDSOME DAN MUFFLER BROWN","24650"
"826","아날로그무드","시나리오 크로스백 (베이지)","32900"
"827","반스","클래식 슬립온 98 DX PW - (애너하임 팩토리) 퀼티드 믹스 / VN0A5HZN9GU1","44900"
"828","아웃스탠딩","KARAKORAM GOOSE DOWN PARKA_OLIVE GREEN","355500"
"829","아웃스탠딩","OS LOGO ST OXFORD SHIRT_NAVY","62400"
"830","웨이즈","스위치 핀턱 와이드 팬츠 (그레이)","20000"
"831","와일드 브릭스","LB WOOL BASEBALL CAP (navy)","42000"
"832","리끌로우","RC E375 COCOA GLASS","28000"
"833","로렌조반피","[MADE IN ITALY] M505 베이직 로퍼 스웨이드 다크 브라운","399000"
"834","프리즘웍스","NYLON HOODED PUFFER DOWN PARKA _ LIGHT KHAKI","232200"
"835","아웃스탠딩","V.S.C SWEAT(NAVY)_NAVY","55200"
"836","어반드레스","프레드릭 오버핏 울 체크 셔츠","33800"
"837","와일드 브릭스","LB TWEED NEWSBOY CAP (brown)","69000"
"838","브래디백","라지 아리엘 트라우트 피싱 백 헤이즐넛","435000"
"839","바스토","세컨더리 벌커나이즈 캔버스 (SECONDARY Vulcanized Canvas Shoe (BISCUIT)) [BVN2072]","36900"
"840","유니폼브릿지","21fw shelter down parka black","269000"
"841","프리즘웍스","NYLON 3 POCKET SHIRT JACKET _ LIGHT KHAKI","57600"
"842","테이크이지","자이언트핏 코듀로이 카고팬츠(베이지)","41400"
"843","와일드 브릭스","LB COTTON BRIMLESS CAP (khaki)","39000"
"844","프라운스","타이벡 트윈 포켓백 화이트","118000"
"845","커버낫","튜보 코지 아이보리","39500"
"846","런던트레디션","Martin NYNF Duffle - Landscape","398000"
"847","유니폼브릿지","1960 crew neck knit burgundy","107000"
"848","더블유브이프로젝트","톰 코튼 팬츠 차콜 MJLP7517","36900"
"849","빈트릴","캔디 숏 비니(라이트 베이지)","38000"
"850","프리즘웍스","[FWS X MAZI UNTITLED] REVERSIBLE BANDANA BORE BAG _ IVORY","68000"
"851","커버낫","컴피 모카신 브라운","69300"
"852","에스피오나지","ECWCS Level 7 Parka Grey Olive","251000"
"853","에스피오나지","Miller Heavyweight Cardigan Dust","121000"
"854","프리즘웍스","PATCH STRIPE BOAT NECK 002 _ NAVY","41650"
"855","토피","퍼티그 코듀로이 팬츠 (CREAM)","39000"
"856","와일드 브릭스","LINEN-COTTON NEWSBOY CAP (brown)","42000"
"857","포디어웍스","LW 브래드크로스 L","292500"
"858","클레망","파드레 V Beige","165000"
"859","어반드레스","아가일 오버핏 니트 - 베이지","45500"
"860","어반스터프","와이드 카고 코듀로이 팬츠 (브라운)","50150"
"861","내셔널지오그래픽","N214AHA620 레더로고비니 BLACK","49000"
"862","아날로그무드","메모리얼 크로스백 (베이지)","43900"
"863","클락스","WALLABEE 26155519","206400"
"864","비슬로우","[스탠다드]21FW OVERSIZED M65 HOOD SHORT DOWN PARKA BLACK","160300"
"865","프리즘웍스","BOLD STRIPE RUGBY TEE _ IVORY / NAVY","55300"
"866","유니폼브릿지","jungle cloth basic chino pants khaki","89000"
"867","유니버셜 케미스트리","Brown Low Poly Newsboy Cap 뉴스보이캡","39000"
"868","와이엠씨엘케이와이","Helmet Bag - Olive","59000"
"869","유니폼브릿지","duffle coat khaki beige","332000"
"870","아웃스탠딩","OS LOGO RUGBY TEE_NAVY","62400"
"871","굿라이프웍스","와이드 절개 벌룬팬츠 코튼 카키","47200"
"872","로우로우","시티워커 메신저백 Beige","62100"
"873","반스","스타일 36 - (스웨이드/캔버스) 스카라브:토니 포트 / VN0A54F66781","34900"
"874","에스피오나지","Bonded Fleece Jacket Ivory","151000"
"875","에스피오나지","Denim Over Shirts Washed","106000"
"876","에스피오나지","Relax Fit 7 Cut Easy Pants Tan","96000"
"877","노르딕아일랜드","비니 아이슬란드 - 브릭","28500"
"878","치키타","[남녀공용] CU20-4 코듀로이 머플러 카키 CU204AC02KH","48000"
"879","클레망","파드레 Tobacco","220000"
"880","프리즘웍스","EDGAR N-1 DECK JACKET _ BLACK","124200"
"881","디미트리블랙","코듀로이 퍼티그 베스트 체스트넛","65520"
"882","러기드하우스","코듀로이 밴딩 카고 팬츠 카키","49000"
"883","유니버셜 케미스트리","Deep Black Wool Newsboy Cap 뉴스보이캡","39000"
"884","와일드 브릭스","WB GEMSTONE BRACELET (beige)","29000"
"885","클레망","파드레 Tobacco","220000"
"886","브이투","587 FISHTAIL COAT PADDING_KHAKI","119200"
"887","커버낫","숏 퀼팅 자켓 올리브","62300"
"888","러기드하우스","베이스트 헨리넥 긴팔티 브라운","50000"
"889","큐컴버스","벌룬 데님팬츠 - 블랙","90400"
"890","와일드 브릭스","TARTAN CHECK FRINGE SCARF (olive)","49000"
"891","오버다인","메모리얼 토트 크로스백 (카키)","50800"
"892","닥터마틴","1460 Wp","260000"
"893","더블유브이프로젝트","몬스터 덕다운 파카 그레이베이지 JJOT7521","122500"
"894","헤이에디","레글런 터틀넥  램스울 (올리브)","129000"
"895","유니스디자인","데일리 퍼티그 팬츠_카키","65000"
"896","라모랭","New Stickcap Color Mix Orange Mix","42000"
"897","캉골","트래블러 툴 캔버스 크로스백 7101 베이지","58000"
"898","클라우스고란","스니커즈 Low8 Holes Leather Elephant","74900"
"899","꼬모니노즈","페어 아일 니트 FAIR ISLE SWEATER","59900"
"900","꼬모니노즈","코튼 턱 팬츠 COTTON TUCK PT","59900"
"901","펀다멘탈리스트","세이지 울비니 [FMA]WOOL SAGE BEANIE","25900"
"902","아날로그무드","세그먼트 백팩 (네이비/베이지)","59000"
"903","조셉트","HAMILTON BUTTER","114000"
"904","어반스터프","하프 더플 코트 (블랙)","160650"
"905","이벳필드","[EBFD X ODP] 스트라이프 럭비셔츠 화이트","55930"
"906","제멋","스콘(F/W용) 와이드 벌룬팬츠 베이지 YHLP2386","34900"
"907","쿠어","보일드 울 태슬 머플러 (옐로우)","74700"
"908","락피쉬웨더웨어","클래식 체크 장우산 - 2color","36800"
"909","캐치볼","캐치볼 X 이스트하버서플러스 코듀로이 _ 테라 디 시에나 브라운","104300"
"910","아더피츠","클래식 덱자켓 (카키)","119800"
"911","다이아몬드 레이라","폴링 체크 셔츠 S43","51000"
"912","어반스터프","와이드 카고 코듀로이 팬츠 (블랙)","50150"
"913","와일드 브릭스","LB TWEED NEWSBOY CAP (brown)","69000"
"914","유니폼브릿지","3way bag grey","98100"
"915","클라우스고란","스니커즈 Low8 Holes Cactus","52900"
"916","파르티멘토","3M 신슐레이트 M-51 피시테일 코트 패딩 블랙","99900"
"917","프리즘웍스","BOLD STRIPE RUGBY TEE _ OLIVE / NAVY","55300"
"918","유니온발란트","벌룬 팬츠 베이지","69000"
"919","그라미치","리버시블 버킷햇 Chino x Double Navy","49000"
"920","마테마틱","스테빈 M30 메신저백 블랙","87200"
"921","브랜즈","로우 레더 러너 - 네이비","95400"
"922","일꼬르소","[구스 다운]블랙 오버핏 볼륨 롱 다운 디테처블 후드 야상 점퍼 IEJU1F005BK","296100"
"923","아웃스탠딩","V.S.C SWEAT (OLYMPIA)_NAVY","58650"
"924","코어스","바이오워싱 시티보이 데님셔츠_블루","38000"
"925","미니멀프로젝트","워시드 퍼티그 벌룬 코튼 팬츠 MPT108 [BLACK]","59800"
"926","오닐","머세드 코듀로이 헌팅캡 OUACK3110-199","59000"
"927","와일드 브릭스","HBT TWO-WAY BAG (black)","108000"
"928","세븐피겨스","[N.S.C x seven figures]MARINE DECK TYPE2-BLACK","134100"
"929","무신사 스탠다드","리버서블 쉐르파 플리스 후디드 재킷 [베이지]","54490"
"930","무신사 스탠다드","오버사이즈 옥스포드 셔츠 [그레이]","31900"
"931","무신사 스탠다드","코튼 와이드 벌룬 팬츠 [카키]","36900"
"932","무신사 스탠다드","오버사이즈 코듀로이 버킷 햇 [라이트 브라운]","18090"
"933","코닥","코어 미디움 힙색 BROWN","79000"
"934","디씨슈즈","남성 카키 단화 스니커즈 운동화 (DB32FS001ARO)","79000"
"935","파르티멘토","오버사이즈 멜톤 콘보이 더플 코트 네이비","89900"
"936","아웃스탠딩","OS LOGO RUGBY TEE_NAVY","62400"
"937","파나컬트","코듀로이 루즈핏 핀턱 밴딩 팬츠  - IVORY","52100"
"938","애쉬크로프트","Ginsberg 43 - 딥 다크 그레이 스모크","178000"
"939","에이지 그레이","빈티지크로스카툰투포켓(카키베이지)","47600"
"940","올클래식","ALC100 German_Sneakers Beige","164800"
"941","퍼스텝","믹시 리버시블 덕다운 숏패딩 브라운 DEOT4364","139000"
"942","올리버코튼즈","올리버 스웻셔츠 (그레이)","39500"
"943","앵글런","리지드 인디고 데님 벌룬 팬츠","125100"
"944","내셔널지오그래픽","N214AHA630 램스울 라벨 비니 KHAKI","49000"
"945","사르토르 리사르투스","[사르토르] 헤링본 머플러 3종 Golden Brown Herringbon","25000"
"946","베이크솔","크러스트 CRUST Wood_Redbean","129000"
"947","라퍼지스토어","[리뉴얼 ver.][3M 신슐레이트] M-1965 피쉬테일 숏 파카_Original Khaki","79800"
"948","챔피온 아시아","[ASIA] C로고 라운드넥 경량패딩 한국별주 (NORMAL KHAKI) CKJA1F830K2","139300"
"949","어커버","[세트상품]터틀넥 니트 티셔츠","29800"
"950","어낫띵","WASHED-CANVAS BALLOON-FIT PANTS (Beige)","69350"
"951","치키타","[남녀공용] CU20-4 코듀로이 머플러 카키 CU204AC02KH","48000"
"952","언더컨트롤 스튜디오","LADDER BAG / WRINKLE / NPC / DARK BLACK","37800"
"953","브랜즈","로우 레더 러너 시즌 2 - 베이지","95400"
"954","메이노브1722","Stitch Aviation Over Jacket -  Black","152100"
"955","챔피온 아시아","[ASIA] C로고 라운드넥 경량패딩 한국별주 (BLACK) CKJA1F830BK","139300"
"956","커버낫","베이직 소프트 니트 터틀넥 아이보리","62300"
"957","더블유브이프로젝트","[패키지] 츄로스 코듀로이 밴딩 팬츠 2PACK CJLP7423","59800"
"958","캡스앤스터프","헤리티지 숏비니(카키)","33000"
"959","카고브로스","CB 하프 서클 크로스백 (카키)","29000"
"960","빠니깔레","스웨이드 레더 스니커즈 [베이지]","138000"
"961","아웃스탠딩","B-9 LINER PARKA_OLIVE GREEN","167300"
"962","유니폼브릿지","1960 sweatshirts oatmeal","59000"
"963","라퍼지스토어","[FW버전] 기모 옥스포드 세미오버 프렌치 셔츠_Off White","42000"
"964","프리즘웍스","CORDUROY BALLOON PANTS _ BEIGE","61200"
"965","밀리어네어햇","(herringbone)  beret - beige","35200"
"966","비브이에이치","BETHEL (HONEY GOLD) 3 size 블루라이트 차단 안경  CLIP-ON 뿔테","67000"
"967","클레망","파드레 VV Chocolate","198000"
"968","비디알","CORDUROY TOGGLE 4POCKET JACKET [Black]","155000"
"969","사운즈라이프","[FW20]Mellow Knit Vest(Brown)","79000"
"970","락사이코","오버핏 스트라이프 터틀넥 티셔츠","24000"
"971","유니버셜 케미스트리","Fleece Belted Ivory Beret 후리스 베레모","39000"
"972","유니폼브릿지","pig skin shoulder bag beige","55300"
"973","베이크솔","슈 블랙브레드 CHOUX Black_Bread","57000"
"974","스노우피크 어패럴","버킷리스트 A1 자켓_KH","219000"
"975","해비즘","리버시블 퀼팅 자켓(카키)","40900"
"976","모노소잉","하이넥짚업니트(모카베이지)","138000"
"977","디앤써","코듀로이 워시드 트윈즈 팬츠 (Charcoal)","84000"
"978","매드마르스","PATCH BEANIE_KHAKI","19200"
"979","오버다인","더블 사이드 숄더 크로스백 (카키)","35900"
"980","키치오브제","에어스니커즈 줄루 로우 카키","128000"
"981","글로버올","오리지널 몬티 575 Camel","621000"
"982","스미스아머","SA 테디 아가일 니트_브라운","71100"
"983","라츠","W70 와이드 핀턱 로우","59000"
"984","싱커루프","DOUBLE PENDANT NECKLACE.","62000"
"985","벗딥","20 2포켓 베이직 토트-올리브","44100"
"986","커버낫","컴피 모카신 베이지","69300"
"987","로우로우","유틸리티 마고자켓 001 Khaki","159000"
"988","포스333","Take a walk joggers/Grey","89000"
"989","볼츠","JE토트백 (라지) _ 카키","134100"
"990","솔랩","SL832 캐나다군 트레이너 스니커즈 브라운","42700"
"991","디미트리블랙","마이크로 퍼 덱 자켓 브라운","139520"
"992","이벳필드","루즈핏 플래그 자수 포켓 셔츠 블루","39500"
"993","캐피탈 라디오 튠즈","RIPSTOP CARGO 팬츠 khaki","89100"
"994","안데르센 안데르센","비니 Navy Blue","85000"
"995","로우로우","Corduroy 토트백 Ivory","48600"
"996","호보켄","ELBERT 2 BROWN (H1408)","49000"
"997","유니폼브릿지","shell down parka khaki","269000"
"998","더블유브이프로젝트","톰 코튼 팬츠 오트밀 MJLP7517","36900"
"999","와일드 브릭스","LB TWEED NEWSBOY CAP (brown)","69000"
"1000","리","트위치 로고 보아 숄더백 브라운","39200"
"1001","푸마","스웨이드 검 - 브라운:검 / 381174-02","44900"
"1002","이세","패널 플란넬 - 블랙 / SS21-02-05A","135900"
"1003","엄브로","MENS 루즈핏 코듀로이 스트레이트 팬츠 (U0421CPTN2)","71400"
"1004","더블알엘","핸드브레이디드 레더 브레이슬릿 - 브라운","129000"
"1005","더블알엘","캔버스 스니커즈 - 다크그린","239000"
"1006","유니폼브릿지","deck jacket khaki","143000"
"1007","디미트리블랙","코듀로이 퍼티그 베스트 올리브","65520"
"1008","프리즘웍스","OVERLAP WORK SHIRT _ WHITE","29700"
"1009","미니멀프로젝트","워시드 퍼티그 벌룬 코튼 팬츠 MPT108 [IVORY]","59800"
"1010","와일드 브릭스","LB LINEN NEWSBOY CAP (beige)","42000"
"1011","와일드 브릭스","CASHMERE BLEND KNIT MUFFLER (ivory)","39000"
"1012","닥터마틴","Glyndon","200000"
"1013","아웃스탠딩","21 F/W FISHTAIL  PARKA_BLACK","132300"
"1014","필루미네이트","쓰레드 라인 플리스 집 업 자켓 -아이보리","81000"
"1015","아노블리어","세미오버핏 타탄 체크 셔츠 [엄버 블랙]","48000"
"1016","필루미네이트","와이드핏 코튼 투 턱 팬츠-브라운","32250"
"1017","오버캐스트","Watch Cap (Brown)","33600"
"1018","닥터마틴","1460 8홀 가우초 브라운 / 11822203","215900"
"1019","와이엠씨엘케이와이","US M-65 Field Jacket - Olive","134400"
"1020","유니폼브릿지","basic sweatshirts oatmeal","58000"
"1021","유니폼브릿지","21fw casual one tuck easy slacks khaki brown","89000"
"1022","언더컨트롤 로드 하이커","URH - K - 001 - AEROHEAT - C BR","24650"
"1023","마지언타이틀","All-day back ballistic (beige)","122000"
"1024","푸마","푸마 스매쉬 플랫폼 v2 스웨이드 - 화이트:블랙:검 / 373037-07","52900"
"1025","미니멀프로젝트","3M 신슐레이트 무스 헤비 파카 MPJ102 [BLACK]","118000"
"1026","미니멀프로젝트","3M신슐레이트 패딩 퀼팅 자켓 MJK106 [KHAKI]","59000"
"1027","필루미네이트","[블랙] B-스테디 골지 니트 폴라넥-아이보리","16500"
"1028","꼬모니노즈","포켓 스트링 팬츠 POCKET STRING PANTS","59900"
"1029","와일드 브릭스","HEAVY WEIGHT MARINE WATCH CAP (brown)","28000"
"1030","카네이테이","레옹","79000"
"1031","라퍼지스토어","[리뉴얼 ver.][3M 신슐레이트]오리지널 M-1965 피쉬테일 파카_Vintage Black","99900"
"1032","미니멀프로젝트","워시드 퍼티그 벌룬 코튼 팬츠 MPT108 [BEIGE]","59800"
"1033","와일드 브릭스","CH TWEED HUNTING CAP (brown)","69000"
"1034","안데르센 안데르센","숏 머플러 Camel","95000"
"1035","제너","멀티 3WAY 나일론 토트백 [라이트 브라운]","34900"
"1036","피렌체 아뜨리에","비브람 코만도솔 스웨이드 모크슈즈 9008-S [BLACK]","184500"
"1037","프리즘웍스","M65 FIELD LINER JACKET 003 _ OLIVE","55200"
"1038","어반스터프","아크 로고 후디 (그레이)","50400"
"1039","제멋","[패키지] 스콘 와이드 벌룬팬츠 2PACK YHLP2350 / YHLP2386","61400"
"1040","밀리어네어햇","(JUST FIT) COTTON WATCH CAP","24000"
"1041","반","908 TOTE BAG KHAKI","89000"
"1042","유니폼브릿지","deck jacket beige","143000"
"1043","퍼스텝","[패키지] 매치오버핏 셔츠 4종 BJLS4410","67600"
"1044","미니멀프로젝트","워시드 퍼티그 벌룬 코튼 팬츠 MPT108 [KAHKI]","59800"
"1045","와일드 브릭스","WOOL HERRINGBONE FRINGE STOLE (orange)","59000"
"1046","와일드 브릭스","COTTON CRINKIE CROSS BAG (ivory)","59000"
"1047","빌리스앤코","B-20 8홀 올 라운드 슈즈 (tan brown)","349000"
"1048","트래블","3M 신슐레이트 M-51 피쉬테일 패딩 야상 카키","99900"
"1049","토마스모어","sh1304 스냅다운 셔츠-화이트","69700"
"1050","프리즘웍스","CORDUROY BALLOON PANTS _ BEIGE","61200"
"1051","와이엠씨엘케이와이","US AIR FORCE Helmet Bag - Foliage","98000"
"1052","커버낫","컴피 모카신 베이지","69300"
"1053","어반스터프","벨티드 무톤 자켓 (브라운)","170100"
"1054","커버낫","아치 로고 맨투맨 그레이","41300"
"1055","커버낫","오버핏 체크 셔츠 베이지","55300"
"1056","어반스터프","와이드 카고 치노 팬츠 (카키)","47200"
"1057","라모랭","New Stickcap Irish Khaki","31500"
"1058","모노노","Vintage Mail Bag_Wax Canvas Camel","68000"
"1059","팀버랜드","남자 팀버랜드 프리미엄 추카 부츠 - 옐로우 / 23061-231","215900"
"1060","버튼서울","리버시블 Ma-1 (블랙/카키)","139000"
"1061","기프트오리지널","(UNISEX) 아트 체크 셔츠","15050"
"1062","하프크라이즈","CP-788 OV 원턱 와이드 팬츠_BG","39000"
"1063","맥베리","MCBRY 데일리 숏 비니","22000"
"1064","볼츠","3볼츠 워크백_탄컬러","80100"
"1065","위트맨","Italy Creamy","109000"
"1066","프리즘웍스","ROYAL HUNTING JACKET 002 _ BLACK WATCH","96600"
"1067","더마트로프","TMR O.T 맨투맨 [다크오렌지]","33900"
"1068","모디모디","M0038 오버핏 코튼 셔츠 (화이트)","59000"
"1069","그리너리 크리드","노르 세미와이드 팬츠 / GMP13(1)-1791SS21","49000"
"1070","유니버셜 케미스트리","Brown Low Poly Newsboy Cap 뉴스보이캡","39000"
"1071","제이반스 클래식","데이지 팬던트 써지컬스틸 체인 커플팔찌 (C2101-AC797_SV)","16200"
"1072","브라스보트","왁스캔버스 데님 브리프케이스 (블랙와치 왁스)","318000"
"1073","코모레비뮤지엄","유니섹스 스니커즈 나이브라인 ｜ Sol (머스타드)","62208"
"1074","파르티멘토","디테처블 M-51 피시테일 파카 모스 카키","78200"
"1075","사운즈라이프","Steady Balloon Snap Pants Khaki","89100"
"1076","원브릴리언트","[블루라이트 차단렌즈] Richard-OB242-Black","32000"
"1077","로우로우","시티워커 크로스백 M Beige","44100"
"1078","라슬로","하이브리드 유닛 델타 - 에크루","49770"
"1079","커스텀어클락","컨템포러리 크롭 데님 자켓 블루","39000"
"1080","카고브로스","CB 벌룬 카고조거팬츠 (카키)","49000"
"1081","와이엠씨엘케이와이","Helmet Bag - Olive","59000"
"1082","베이크솔","스콘 카라멜 SCONE Calamel","88000"
"1083","베이스모먼트","코튼 마운틴 자켓 베이지","89000"
"1084","엘리오티","빈티지 오버핏 체크셔츠_베이지","46800"
"1085","엑스트라오디너리","UTILITY RIPSTOP PANTS KHAKI","139000"
"1086","어더스","퍼핀 브라운","59900"
"1087","파르티멘토","M-51 피시테일 코트 카키","69900"
"1088","쿠어","탑필 캐시미어 라운드 니트 (브라운)","87200"
"1089","제멋","스콘(F/W용) 와이드 벌룬팬츠 베이지 YHLP2386","34900"
"1090","밀리어네어햇","(vintage cotton) CLASSIC BIG APPLE HAT - VINTAGE BLACK","32250"
"1091","119레오","레토백 아이보리","48000"
"1092","베이크솔","이스트 YEAST Wood_Wood","72000"
"1093","비슬로우","[오리지널스]ARC LOGO SWEAT SHIRT_NAVY","62100"
"1094","에스피오나지","Oxford Over Shirts Beige Stripe","96000"
"1095","에스피오나지","British Army Pants Olive","109000"
"1096","포디어웍스","LW 타이","118800"
"1097","아디다스","BW 아미 - 화이트 / BZ0579","139000"
"1098","다이아몬드 레이라","플러프 무드 체크 셔츠 S24 브라운","51000"
"1099","테이크이지","리얼 와이드 치노팬츠(카키)","29400"
"1100","슬리피슬립","[unisex]PIGMENT BEIGE BUCKET HAT","40800"
"1101","프루아","330 크로스백","120000"
"1102","슈펜","[남녀공용] 슈펜X비슬로우 독일군 스니커즈 BYSS20S65","42400"
"1103","아웃스탠딩","4POCKET HUNTING SHIRT_OLIVE GREEN","39000"
"1104","에이카화이트","SUMMER SHORTS (Premium BASIC) - BEIGE","49000"
"1105","오가프","ORIGINAL FIT COTTON BUCKET HAT BLACK","31500"
"1106","모노노","Belt Bag - Waxed Canvas ( 벨트백 왁스캔버스 ) ( Camel )","48000"
"1107","버켄스탁","런던 하바나 166531","198500"
"1108","에스피오나지","Ray Wind Parka Camel","127000"
"1109","에스피오나지","Tunnel Rats T-Shirt Wheat","23000"
"1110","와이엠씨엘케이와이","US M-65 Field Pants - Olive","102400"
"1111","어나더브릿지","느베르 글라스 (라이트 레오파드)","120000"
"1112","와일드 브릭스","WB UMBRELLA (brown)","41300"
"1113","로드","에이블러 비브람(ABLER VIBRAM)-오렌지(ORANGE)","68600"
"1114","러기드하우스","프론트 오버핏 데님 셔츠 중청","49000"
"1115","비디알","6POCKET JUNGLE PANTS [Khaki] ver.4","95000"
"1116","발렌티노 루디","VRA205-BK 애플워치 스트랩 메탈밴드 6 5 4 3 2 1 SE 세대 38 40 42 44mm","18900"
"1117","와이엠씨엘케이와이","GP0183 Neck Mesh Pouch - Coyote","33000"
"1118","라슬로","하이브리드 유닛 엡실론 - 블랙","49770"
"1119","유니폼브릿지","m65 sweatshirts khaki","55000"
"1120","벤 데이비스","오리지널 트윌 볼캡 베이지","43000"
"1121","카네이테이","레옹","79000"
"1122","킨","유니크 HT 미드 - 캔틴/레이븐[KN1019977J3]","59900"
"1123","유니폼브릿지","21ss heavyweight pocket tee melange(8%)","32000"
"1124","페퍼시즈닝","코튼 린넨 롱 와이드 밴딩 팬츠 [카키]","19900"
"1125","와일드 브릭스","WB BANDANA (red brown)","24000"
"1126","츄바스코","S130293 AZTEC BLACK/BLACK","69000"
"1127","유니폼브릿지","us navy s/s tee off white","39000"
"1128","프리즘웍스","TWILL BALLOON PANTS _ BEIGE","61750"
"1129","언더컨트롤","RISE HUNTING / B EMBO / IVORY","28000"
"1130","에이지 그레이","빈티지크로스카툰투포켓(카키베이지)","47600"
"1131","벤 데이비스","화이트라벨 포켓 티셔츠 화이트","35000"
"1132","사운즈라이프","Steady Balloon Snap Pants Khaki","89100"
"1133","유니폼브릿지","21ss nylon jungle hat beige","52200"
"1134","와일드 브릭스","CN TIE BAG (ivory)","59000"
"1135","버켄스탁","취리히 SFB 타우페 1009532","111200"
"1136","파르티멘토","[패키지][CHUBBY]EMBROIDERY TEE (5COLOR)","39900"
"1137","언아웃핏","유니섹스 스트레이트 카고 조거팬츠 카키 v2","35900"
"1138","섹스토","[팔찌][Handmade]WNW Bracelet TYPE-004","18000"
"1139","팀벅2","[팀벅2]클래식 메신저백 1108-2-6634 (S) (Army)","33000"
"1140","컨버스","척 70 시즈널 컬러 노마드카키 168505C","95000"
"1141","유니폼브릿지","zip pocket s/s tee v.e","36000"
"1142","비에스래빗","미드90 루즈핏 배기 코튼 팬츠 베이지","71200"
"1143","제이반스 클래식","통가죽스트링 레이어드 팔찌 (C1801-AC439BR)","16200"
"1144","로스코","빈티지 워싱 메신저 캔버스 크로스백","47200"
"1145","츄바스코","S80421 AZTEC BLACK/COFFEE","69000"
"1146","에스피오나지","US Pullover S/S Shirts Light Blue","64000"
"1147","더블유브이프로젝트","[패키지] 로우키 F/W 밴딩 조거 팬츠 2PACK JJLP7529","52900"
"1148","제이반스 클래식","더블로프 피렌체 팔찌(발찌겸용) (C1502-AC176BK)","12000"
"1149","예루살렘 샌들","NO.8 THE GOOD SHEPHERD_BROWN","89100"
"1150","제로","Solid Linen Box Shirts [Cream]","32000"
"1151","앵글런","벨트 와이드 비조 반바지 - Grey","94000"
"1152","애끼","크라운듀 브라운 믹스 천연석팔찌","43000"
"1153","와일드 브릭스","CN TIE BAG (khaki)","59000"
"1154","츄바스코","15AZ006J AZTEC SAND/SAND/BLACK","69000"
"1155","벤 데이비스","화이트라벨 포켓 티셔츠 화이트","35000"
"1156","짐마스터","[G557600] 몬스터 포켓 오버롤 (Olive x Navy CRZ)","79800"
"1157","에스피오나지","3Pocket S/S Shirt Jacket Grey","64000"
"1158","제멋","제이슨 오버핏 반팔티셔츠 크림 KJST2365","15800"
"1159","더블유브이프로젝트","로우키 밴딩 쿨 벌룬 팬츠 모카브라운 CJLP7492","26900"
"1160","와일드 브릭스","BS LINEN HUNTING CAP (ivory)","42000"
"1161","제이반스 클래식","앤틱패더 써지컬스틸 체인목걸이 (C2001-AN637_SV)","13500"
"1162","킨","(남성) 유니크 HT - 그레이[KN1019952J3]","94900"
"1163","비디알","NATURAL LINEN SHIRTS [Natural]","83000"
"1164","스테이지 네임","투턱 HBT 반바지_카키","40800"
"1165","피엘라벤","오빅 플랫 캡 Ovik Flat Cap (77274)","79000"
"1166","플레인브랜드","PLAIN BR2557","39900"
"1167","반스","클래식 슬립온 98 DX - (애너하임 팩토리) og 화이트 / VN0A3JEXQWP1","85000"
"1168","칼하트","K87 워크웨어 포켓 반팔티셔츠 (20colors)","26900"
"1169","제멋","[패키지] 스콘 와이드 벌룬팬츠 2PACK YHLP2350 / YHLP2386","61400"
"1170","라모랭","Coolmax Stickcap Mustard Yellow","38000"
"1171","왈라루","비건 푸딩 에코백 베이지","39000"
"1172","러기드하우스","라이트 오버핏 반팔 셔츠 베이지","35000"
"1173","와일드 브릭스","EN GEMSTONE BRACELET (beige)","59000"
"1174","드릴리스","플로리다 에코백 카키","45900"
"1175","버켄스탁","아리조나 블랙 051791","74200"
"1176","케이엔드","유틸리티 커브 포켓 루즈핏 옥스포드 하프 셔츠 네이비","51200"
"1177","유니폼브릿지","two tuck linen pants cream beige","71200"
"1178","밀리어네어햇","(cotton) watch cap [ IVORY ]","25500"
"1179","캉골","에코 프랜들리백 지피 미디움 0036 크림","45000"
"1180","버켄스탁","취리히 SFB 타우페 1009532","111200"
"1181","예일","(22SS) 2 TONE ARCH TEE WHITE","35100"
"1182","사운즈라이프","Steady Balloon Snap Pants Khaki","89100"
"1183","밀리어네어햇","(vintage cotton) CLASSIC BIG APPLE HAT - VINTAGE GRAY","32250"
"1184","세미콜론 아이웨어","버즈안경 블랙","64600"
"1185","미니멀프로젝트","[패키지] 로버스트 헤비 오버핏 반팔티셔츠 MST127 / 8color set","37800"
"1186","짐마스터","[G557600] 몬스터 포켓 오버롤 (Black x Brown CRZ)","79800"
"1187","핍스","레트로 메신저백 베이지","45000"
"1188","리플레이컨테이너","RC basic socks (white)","5400"
"1189","컨버스","척 70 빈티지 캔버스 네추럴 162211C","95000"
"1190","미니멀프로젝트","워시드 퍼티그 벌룬 코튼 팬츠 MPT108 [KAHKI]","59800"
"1191","유니폼브릿지","21ss nylon jungle hat beige","52200"
"1192","볼츠","3볼츠 워크백_탄컬러","80100"
"1193","에스피오나지","Double Pocket S/S Shirts Light Grey","69000"
"1194","비슬로우","[오리지널스]WIDE FIT TWO TUCK SELVAGE DENIM PANTS_INDIGO","80100"
"1195","와일드 브릭스","WG BASIC BRACELET (blue)","29000"
"1196","에이지 그레이","시그니쳐투웨이에코(에크루))","35200"
"1197","테바","보야 슬라이드 / 1099272-CCHP","39000"
"1198","에이전트픽","멀티드 코튼 린넨 셋업 카키","117000"
"1199","와일드 브릭스","WB GEMSTONE BRACELET (beige)","29000"
"1200","로스코","빈티지 워싱 메신저 캔버스 크로스백","47200"
"1201","츄바스코","RONDA CS2005 ALL BLACK","69000"
"1202","비욘드클로젯","뉴 파리지앵 클래식 니트 베스트 네이비","40600"
"1203","퍼스텝","매치오버핏 반팔셔츠 흰색 BJSS4426","32300"
"1204","사운즈라이프","Steady Balloon Snap Pants Khaki","89100"
"1205","리끌로우","RC E386 BLACK SILVER 청광렌즈 VER 안경","31200"
"1206","모노노","Vintage Mail Bag_Wax Canvas Camel","68000"
"1207","에스피오나지","Rat Oxford S/S Over Shirts Blue","86000"
"1208","로우로우","캠프캡 002 Beige","39000"
"1209","와일드 브릭스","FEATHER BRACELET (blue)","32000"
"1210","예루살렘 샌들","NO.8 THE GOOD SHEPHERD_BROWN","89100"
"1211","라퍼지스토어","시티보이 빅오버 옥스포드 반팔 셔츠_White","36000"
"1212","프리즘웍스","TWILL BALLOON PANTS _ OLIVE","61750"
"1213","디스이즈네버댓","SUPPLEX® Long Bill Bucket Hat Grey","49000"
"1214","프리즘웍스","BOKJORI STRING BAG _ BANDANA BLACK","29400"
"1215","퍼스텝","[패키지] 매치오버핏 셔츠 4종 BJLS4410","67600"
"1216","유니폼브릿지","m51 short pants khaki","71000"
"1217","플라스틱프로덕트","피싱 햇 (차콜)","78000"
"1218","벤 데이비스","오리지널 컬러 바디백 블랙","43000"
"1219","버켄스탁","보스턴 SFB 타우페 560771","169000"
"1220","쟈니웨스트","Leaguer Check Half Shirts (EVE.GREEN)","29700"
"1221","반","903 Luggage Bag Beige","73000"
"1222","티떠블유엔","새턴 반팔 화이트 EYST3387","22700"
"1223","유니폼브릿지","cotton fatigue pants regular fit beige","59000"
"1224","벤 데이비스","오리지널 로우 캡 올리브","43000"
"1225","테바","맨즈 허리케인 XLT2 / 1019234-CDOL","79000"
"1226","유니폼브릿지","round pocket shorts khaki","55200"
"1227","버켄스탁","지제 스톤 043391","81700"
"1228","제멋","크라우 와이드 카고 벌룬팬츠 카키 YHLP2284","39800"
"1229","벤 데이비스","오리지널 로우 캡 올리브","43000"
"1230","그라미치","트윌 토트백 Olive","34300"
"1231","유니폼브릿지","cardigan s/s shirts khaki","79000"
"1232","오와이","2 WAY CANVAS LEATHER CROSS BAG-IVORY","89000"
"1233","테바","맨즈 오리지널 도라도 / 1110640-DOL","69000"
"1234","랭글러","UNLINED DENIM VEST","85000"
"1235","객","BANDING DENIM HALF-P dark Indigo","59200"
"1236","와일드 브릭스","COTTON CRINKIE CROSS BAG (ivory)","59000"
"1237","컨버스","척 70 빈티지 캔버스 썬플라워 162054C","99000"
"1238","벤 데이비스","오리지널 카모 로고 티셔츠 화이트","46000"
"1239","유니폼브릿지","casual two tuck pants brown","63200"
"1240","유니버셜 케미스트리","Black Newsboy Cap 뉴스보이캡","39000"
"1241","와일드 브릭스","WG BASIC BRACELET (ivory)","29000"
"1242","로우로우","스트링 크로스백 750 Black","44000"
"1243","슈프림","슈프림 NFL 레이더스 47 데님 베스트 카키 / SS19J66-KHAKI","399000"
"1244","리","빅 트위치 로고 티셔츠 버건디","31500"
"1245","맥우드건","파번 7503 원턱 카고 와이드핏 다크인디고 데님팬츠","63600"
"1246","벤 데이비스","오리지널 메탈 버클 플랩 숄더백 블랙","46000"
"1247","팀버랜드","남자 팀버랜드 6인치 프리미엄 부츠 / 10061-713","258000"
"1248","에스피오나지","Crest Oxford S/S Over Shirts Beige","59000"
"1249","더블유브이프로젝트","로우키 밴딩 쿨 벌룬 팬츠 블랙 CJLP7492","26900"
"1250","한글안경","서울컬렉션 성수 블랙","48000"
"1251","오버다인","메모리얼 토트 크로스백 (카키)","50800"
"1252","버켄스탁","교토 SFB 페이디드카키 1019721","143200"
"1253","리","더블 트위치로고 2PK 반팔셔츠 세이지 그린","48300"
"1254","유니버셜 케미스트리","Bio Ivory Newsboy Cap 뉴스보이캡","39000"
"1255","미니멀프로젝트","오버사이즈드 피그먼트 벌룬 반팔티셔츠 (LIGHTKHAKI) MST131","23800"
"1256","유니폼브릿지","volume easy pants khaki","87200"
"1257","한글안경","서울컬렉션 문래 블랙","68000"
"1258","로우로우","스트링 크로스백 750 Black","44000"
"1259","커버낫","구르카 샌들 블랙","55300"
"1260","맨하탄 포티지","1605V 빈티지 메신저백 S BLACK","63200"
"1261","버켄스탁","지제 스톤 043391","81700"
"1262","사운즈라이프","Steady Balloon Snap Pants Khaki","89100"
"1263","한글안경","서울컬렉션 성수 블랙","48000"
"1264","리","로코 포켓 와펜 트위치 로고 라지 에코백 베이지","34300"
"1265","토앤토","플립플랍 ZEROVITY 탄","44000"
"1266","유니폼브릿지","line s/s crew neck tee g.blue","36000"
"1267","저스트세러데이","린넨 크롭 벌룬팬츠 카키","26500"
"1268","라모랭","Coolmax Stickcap Vintage Navy","38000"
"1269","와일드 브릭스","CN TIE BAG (navy)","59000"
"1270","락피쉬웨더웨어","필립 로퍼 - BLACK","89000"
"1271","라모랭","Loop Button Washed Half Shirts Middle Blue","139000"
"1272","와일드 브릭스","BS LINEN HUNTING CAP (black)","42000"
"1273","라모랭","Nylon Small Travel Bag Glacier Gray","42500"
"1274","피렌체옴므","1511 빈티지브라운 로퍼 스니커즈","109000"
"1275","유니드가먼츠","마드라스 시어서커 셔츠 (브라운)","55300"
"1276","라퍼지스토어","테이퍼드 와이드 원턱 린넨 팬츠_Martine Olive","29800"
"1277","와일드 브릭스","SV D-RING BELT (navy)","24000"
"1278","테바","보야 플립 슬라이드 / 1019050-BCCHP","39000"
"1279","유니폼브릿지","1960 s/s tee oatmeal","39000"
"1280","프리즘웍스","TWILL BALLOON PANTS _ BEIGE","61750"
"1281","제로그램","클래식 체크 캠프캡","45000"
"1282","와일드 브릭스","EN GEMSTONE BRACELET (beige)","59000"
"1283","버켄스탁","교토 SFB 페이디드카키 1019721","143200"
"1284","유니폼브릿지","u.o.h.t s/s tee oatmeal","31200"
"1285","비디알","JUNGLE SHORT PANTS [Khaki]","86000"
"1286","애끼","브라운밀 이클립스 천연석팔찌","43000"
"1287","와일드 브릭스","COTTON MINI CROSS BAG (navy)","29000"
"1288","제멋","지젤 노카라 셔츠 베이지 HSSS2187","38900"
"1289","유니폼브릿지","easy fatigue pants khaki","60000"
"1290","로스코","PARACORD BRACELET (BLACK+OLIVE DRAB)","12900"
"1291","하이드아웃","KANGAROO 캥거루 미니 사코슈백 (black)","29000"
"1292","킨","(남성) 뉴포트 H2 - 브라운 그린[KN1020288K2]","45900"
