,brand
0,앤더슨벨
1,엘무드
2,파나케이아
3,손
4,스파오
5,자바나스
6,마르지엘라
7,날씨너무좋네용
9,인템포드무드
10,포트너스
11,밈더워드로브
12,지샥아페쎄
13,아노트
14,자바나스
15,하이파이펑크
16,mmlg
17,네스티킥
18,아식스
19,보세선글라스
20,어널러코드
21,필로그램
22,디스커버리
23,레더리
24,봄바람코에넣고왔슴돠
25,도프제이슨
26,자바나스
27,모드나인
28,로맨틱무브
29,반
30,엘무드
31,무탠
32,엘무드
33,바토즈
34,인스펙터벨트
35,완전봄이네요~
36,인사일런스
37,엘무드
38,브랜디드
39,로맨틱무브
40,무탠다드
42,로드
43,드로우핏
44,오더플리즈
45,후망
46,구찌
47,꽃놀이가고싶네효
48,토마스모어
49,유니폼브릿지
50,뉴발란스
51,폴로캡
52,유니온블루
53,무탠다드
54,벨룻
55,와이프랑부산여행
56,부산은봄이군요
57,plac
58,hazzys
59,브랜디드
60,아식스
61,젠틀몬스터
63,벌스데이수트
64,페이탈리즘
65,반스
69,상의
70,유니클로_옥스포드셔츠
71,하의
72,리넥츠_TailoredStraightDenimPants타카페체험단
73,신발
74,조셉트_Tony
75,가방
76,프록시엘_Recyclednylonwideopenbriefcase
77,코드그라피
78,자바나스
79,비슬로우
80,나이키
81,소니
82,무탠다드
83,아크네
84,비슬로우
85,호카오네오네
86,후라이탁
87,비바스튜디오
88,모드나인
89,아디다스
90,자바나스
91,자바나스
92,모드나인
93,마이애미프로젝트
94,가방프라이탁
97,아워스코프
98,제품포함되어있습니다
99,니티드인스타
100,앤더슨벨
101,앤더슨벨
102,앤더슨벨
105,reetce
106,보세
107,보세
108,메모러블
109,보세
110,gola
111,트래블
112,나이키
114,토니웩
115,르마드
116,아영상사
117,애프터프레이xmmrb
118,모자Etce
119,토니웩
120,유니클로
121,모드나인
122,아이앱스튜디오
123,오트리
124,슈프림
125,애프터프레이
126,인사일런스
127,토니웩
128,오트리
129,슈프림
132,도프제이슨
133,유니클로
134,무탠다드리얼와이드
135,후망
136,만바꾼버전
137,STU
138,유니클로
139,무탠다드리얼와이드
140,후망
141,아웃스탠딩
142,자라
143,뉴발
144,모자랩
145,로파이
146,보세
147,모드나인
148,슈펜x핏더사이즈
149,토니웩
150,쿠어탑필운라운드니트
151,토니웩
152,나이키데이브레이크
153,질스튜어트
157,레이어유니온
158,제로
159,뉴발란스
160,칼하트
161,비바스튜디오
162,인사일런스
163,mmrb
164,꼼데가르송
165,thisisneverthat
166,thisisneverthat
167,thisisneverthatconverse
168,아이러니포르노화이트라인
169,보세
170,메종미네드
171,보세
172,상세븐피겨스
173,스테파노로시
174,안경뮤지엄바이비컨
177,맞팔좋반해용
178,세터
179,무탠다드
180,무탠다드
181,야스히로슈퍼스타
182,아페쎄
184,모드나인
185,에어포스
186,신더
187,우영미
188,나이키
189,etce
190,인사일런스
191,유핑
192,포트너스
193,로스트가든
194,인사일런스벨트
195,cmkg
198,감마갤러리
199,예스아이씨
200,논플로어
201,나이키카시나덩크
202,더뮤지엄비지터블러
203,로드존그레이
204,러프사이드
205,비얼디드키드
206,컨버스
207,프라다
208,지방시
209,롤렉스프라다
217,mado
218,무탠다드
219,아식스
220,어라운드투비앤더슨벨
221,세터
222,유핑
223,무신사
224,프라다
225,애프터프레이x나눔
226,etce
227,애프터프레이
228,뉴발란스
229,팔라스아디다스tt크루넥
230,무신사스탠다드
231,이지부스트웨이브러너
234,커버낫
235,제로
236,반스
240,아크네스튜디오
241,유니클로
242,비얼디드키드이벤트
243,러프넥인스타
244,ashcompact
246,마뗑킴
247,모드나인
248,킨치
249,조던
250,슬로우애시드
251,cos
252,cos
253,nike
254,벌스데이수트바시티
255,에어포스올백
257,플레어업
258,리퍼지스토어
259,커스텀에이드
262,블러
263,보세
264,슈펜
265,더콜디스트모먼트소니
266,yiyae
267,멜란지마스터
268,모드나인
269,에어포스
270,퍼블릭비컨
272,문선
273,앤더슨벨
274,뉴발
275,프라이탁
277,가디건아트이프액츠
278,목폴라지오다노
279,노운
280,마르지엘라
281,가방해칭룸
282,노드아카이브
283,포터리
284,노운
285,메모러블
286,가방해칭룸
287,자켓밈더워드로브
288,노운
289,커먼프로젝트
290,자켓엠엔지유
291,유스
292,메모러블
293,가방해칭룸
294,반지구찌마르지엘라
295,자켓엠엔지유
296,목폴라지오다노
297,폴리테루
298,아워레가시
299,가방해칭룸
300,지오다노
301,초
302,위더로드
303,폴로
304,트리플에이
305,리바이스
306,컨버스
308,솔리드옴므
309,쿠어
310,라벨아카이브
311,손
312,세븐피겨스
313,세븐피겨스
314,마르지엘라
316,stu
317,stussy
318,llud
319,drmarten
320,rafsimons
322,로드존그레이
323,무탠다드
324,모드나인
325,앤더슨벨
326,프라이탁
327,제이디오
328,무탠다드
329,아영상사
330,슈펜
333,보세
334,보세
335,보세
336,커먼프로젝트아킬레스로우
337,캘빈클라인모노그램볼캡
339,어나더오피스
341,플랙
342,문스타
344,agingccc
345,보세
346,comgen제품제공
347,마르지엘라타비
349,제로
350,제로
351,뉴발
352,노스페이스
353,무탠다드
354,보세
355,무탠다드
356,로맨틱크라운
358,아노블리어
359,페이탈리즘
360,로맨틱무브
361,스튜디오니콜슨
365,마틴플랜
366,나이키
368,사이
369,세터
370,러드
371,reetce
372,자바나스
373,mngu
374,마르지엘스탈보세
377,노매뉴얼
378,커버낫
379,메종미네드
380,나이키
381,인사일런스
383,아더에러
384,뉴치프시크
385,아워레가시
386,보테가베네타
387,밈더워드로브아더에러
388,엘무드
390,브랜디드
391,조셉트
392,드로우핏
394,모드나인
395,킨치
396,밑에부턴가을
397,엘무드
398,무탠다드
401,듀테로
402,무신사스탠다드
403,에어포스
405,쿠어
406,유니클로ju
407,제로
408,르메르
410,셔터
411,쿠어
412,브랜디드
413,벌스데이수트
414,기본양식
415,yiyae
416,무신사스탠다드
417,로맨틱무브
418,원더플레이스
419,챔피온
420,오더플리즈
421,닥터마틴
423,모이프
424,노매뉴얼
425,모드나인
426,나이키
427,마지언타이틀
428,토마스모어
429,무탠다드
430,뉴발란스
431,캐논
432,에잇세컨즈
433,노매뉴얼
434,모드나인
435,뉴발란스
436,캐논
439,로파이
440,무탠다드
441,모드나인
442,바토즈
443,텔파
444,암피스트
445,제로
446,뉴발란스
447,오가프
449,후아유
450,토피
451,컨버스
453,렉토
454,폴햄
455,무탠다드
456,로맨틱무브
457,보세워머
458,문선
459,르마드
460,텔파X어그
461,아워레가시
462,아크네
463,메종미네드
464,나이키x슈프림
465,프라이탁
467,ssrl
468,보세
469,모드나인
470,mmrb
473,벨리에
474,르메르
475,르메르
476,르메르
477,르메르
478,인사일런스
479,마티스더큐레이터
480,브랜디드
481,뉴발란스
483,nrg
484,nrg
485,cdg
487,그레일즈
488,나이키
489,디네댓
490,제로
491,조던
492,더콜디스트모먼트
494,자바나스
495,모드나인
496,오뷔제
497,뽀빠이벨트
498,엘무드
499,유핑
500,시그니처
501,발렌티노
504,프리즘웍스
505,뉴발란스
506,오가프
507,아직춥네요
511,파르티멘토친구
512,보세
513,APC
514,컨버스
515,도프제이슨타카페체험단
516,무신사스탠다드
517,아노블리어인스타
518,식스X
519,벌스데이수트
520,무탠다드
521,보세
522,나이키
523,더콜디스트모먼트
524,애프터프레이
525,무탠다드
526,랩
527,나이키
528,월스와일무브먼트
532,chindown
533,나이키
534,나이키
535,오클리
536,유니폼브릿지
537,유니온블루
538,비얼디드키드
539,빌리버스
540,자바나스
541,하이파이펑크
542,마르지엘라
543,마르지엘라로헤이드
546,쿠팡
547,스파오
548,쿠팡
549,보세
550,로드
551,cdg
552,제로
553,에어포스
554,브랜드
555,앤더슨벨
556,앤더슨벨
557,앤더슨벨
558,조던
559,앤더슨벨
560,애프터프레이
561,보세후드
562,무신사
563,금강제화클락스
564,카시오
566,많이배우겠습니다
567,앤더슨벨
568,보세
569,나이키
572,토니웩
573,드로우핏
574,데케트
575,후망
576,로에베
577,벨리에
578,비슬로우
579,프리징
580,무탠오버블레이저
581,이에스엔하프폴라니트티셔츠
582,비슬로우스티치데님팬츠
583,커스텀에이드독일군스니커즈
584,오늘도따뜻따뜻봄날씨네요
585,불금보내세요
587,가디건🧶코디입니다
588,보세
589,행텐
590,닉스
591,컨버스
593,도프제이슨
594,비바스튜디오
595,모드나인
596,페몬트
597,메종미네드
598,로기
599,파스
600,로스트가든
601,이티씨이
602,론트
603,아노블리어
604,퍼스트플로어
605,벨룻
608,우드비
609,필로그램
610,오트리
611,젠틀몬스터
612,봄이왔네요
613,더뮤지엄비지터
616,나이키
617,ongray
619,푸마아미
620,제로
621,오트리
623,CSC
624,rbU
625,rbU
626,nike
627,rafsimonsXeastpak
628,뷰스
629,닉앤니콜
630,엘무드
631,마틴로즈
633,롤링스튜디오
634,무탠다드
635,유니폼브릿지
636,조셉트
637,cmkg
639,문선
640,pas
641,폴리테루
642,르메르
643,cm
644,별로안찍었네유
645,유니폼브릿지
646,퍼스널팩
647,제로
648,왈라비
649,마지언타이틀
650,보세
651,보세
652,범고래
653,랩
654,사운즈라이프
655,슈펜
656,바지좀다릴껄
657,세터
658,리플라이퍼키
659,엘두
660,세미콜론
664,노매뉴얼
665,무탠다드
666,도프제이슨
667,오엑스스튜디오
668,아트오브필드
669,로스트가든
670,아워레가시
671,커버낫
672,푸마한코펜하겐어비드
673,이예
674,마르지엘라
675,닥터마틴
676,httpsinstagramcomdm__utm_mediumcopy_link
677,보세
678,보세
679,시그니처
680,로맨틱크라운
681,유니클로
682,레가시
683,조셉트
684,블랭코브
685,폴로
686,제로
687,아디다스
688,애플워치
689,벌스데이수트
690,httpswwwinstagramcom__br
691,너가범인이지
692,모서리님과함께한도산하우쓰
693,푸마x아미
694,인템포무드
695,에어포스
696,에프터프레이마르지엘라
697,논플로어
698,아이앱스튜디오
699,mjd
700,이지폼러너
701,블러더뮤지엄비지터
702,세터
703,무탠다드
704,밈더워드로브
705,요즘날씨엔얇은니트로단품으로입기딱좋네용ㅎㅎ🤗
706,로드
707,노매뉴얼
708,미나브
709,뉴발
710,커피
711,날씨가완전봄날씨네요ㅎㅎ
712,올블랙에캐쥬얼맛내려고한번신어봤는데
713,괜찮은것같네요
714,바스틱
715,트리플에이
716,프리즘웍스
717,에어포스
718,아크테릭스
719,요즘데일리룩찍고잡지처럼꾸미는삶에빠져버렸어욬ㅋㅋ
720,x
721,앤더슨벨세터
722,세터
723,밈더워드로브
724,세터모자
725,스테디에브리웨어
726,유니온블루
727,퍼렌
728,바스토
729,세터모자
730,세터
731,세터
732,세터
733,나이키
734,x
735,미나브
736,스테디에브리웨어
737,모드나인
738,반스
739,디자인옴므
740,슈프림
741,모드구
742,피마원
743,아더
744,짱기여운슈프림후드억지로입어봤습니다
745,다양한코디더많이올라옵니당🥺많관잘부에요
746,비바스튜디오
747,밀로
748,보세
749,로맨틱무브
750,는인스타그램이벤트에당첨되어브랜드에서제공받았습니다
751,은인스타그램업로드를위해브랜드에서제공받았습니다
752,는크루활동을위해지급되는쇼핑지원금으로구매하였습니다
753,httpswwwinstagramcomjh_kyeol
754,오랜만에데일리룩업로드네요
755,대장님따라숏자켓트랜드탑승
756,봄도다가오는것같고
757,전시회보기좋은주말이에요
758,킹치만코로나
759,참을만큼참았다
760,이제좀일상을돌려달라
761,앤더슨벨
762,파브레가
763,유니u
764,mmrb
765,밈더워드로브인사일런스벨트
766,노드아카이브
767,유핑
768,노드아카이브
769,로맨틱무브
770,cmkg
771,wwwinstagramcompizza__mo
772,비바스튜디오
773,비바스튜디오
774,엔더슨벨
775,컨버스원스타한별
776,ETCE
777,무탠다드
778,무탠다드
779,리트
780,로맨틱무브
781,이전제품포함
782,마티스더큐레이터
783,수아레
784,파츠단순제품증정
785,아식스단순제품증정
786,꼼데가르송
787,자바나스
788,스파오x짱구대디
789,로맨틱무브
790,x
791,아더에러x자라
792,시그니처
793,반스
794,소니
795,에스피오나지
796,pinsktbs
797,보세
798,에스피오나지하아카이브x진진호
799,httpswwwinstagramcomhakchan_sik
800,예일
801,낫포너드
802,뉴발란스
803,모노소잉
804,노스페이스화이트라벨
805,파타고니아
806,이지
807,필로그램
808,아식스
809,핑크는못참지뽀이
810,보세
811,무탠다드
812,앳더모먼트
813,아디다스
814,소니
815,주앙옴므
816,랩
817,뉴발란스
818,코스
819,인스타mareumzil
820,얼마전에행궁동다녀왔으예
821,좋더라고요주말이코앞힘냅시다우
822,그레일즈
823,스캇프라그먼트
824,스투시오클리
825,보세
826,꼼파뇨
827,퍼블릭아이콘
828,다온아토
829,x
830,httpsinstagramcomjun_moon_utm_mediumcopy_link
831,보세
832,무탠다드
833,무탠다드
834,커스텀에이드
835,애플무탠다드
836,쿠어
837,유핑
838,브랜디드
839,나이키
840,httpsinstagramcomzzinu_utm_mediumcopy_link
841,레이어유니온
842,제로
843,다시열공mod~~
844,예스아이씨바시티자켓
845,예스아이씨
846,디서먼트
847,나이키
848,etce
849,스튜
850,유스
851,보테가
852,아웃스탠딩
853,vdr
854,살로몬
855,칼하트
856,stu미쳤나봐여
857,레더자켓너무예쁜데요ㄷㄷㄷ
858,stu
859,앤더슨벨
860,닥터마틴
861,비바스튜디오
862,제로
863,자라
864,카시오
865,과시계를색감을맞추어포인트로코디했습니다
866,더불어구름이의멋진자세를곁들였습니다
867,히히
868,자바나스
869,자바나스
870,모드나인
871,조셉트
872,ㅊㅂㅈㄴㅁㄷㄴㅇ
873,에두아르도
874,페이탈리즘
875,조셉트
876,에잇세컨즈
877,인스타yu__
878,아이앱
879,테이크이지
880,조던신었습니다
881,산산기어
882,넌블랭크
883,m
884,러프넥
885,르마드
886,토니웩
887,고낙
888,로맨틱무브
889,던스트
890,테이크이지
891,플랙
892,닥터마틴
893,Mngu
894,로기
895,밈더워드로브
896,로스트가든
897,수아레
898,vans
899,APC
900,httpswwwinstagramcomw__oong_f
901,코스
902,코스
903,유스
904,마르지엘라
905,cos
906,파츠
907,세터
908,알렌느
909,비슬로우
910,자바나스
911,모드나인
912,뉴발란스
913,마지언타이틀
914,알렌느
915,피스워커
916,브랜스
917,은크루활동을위해지급되는쇼핑지원금으로구매하였습니다
918,httpswwwinstagramcomjh_kyeol
919,covernat
920,cos
921,nike
922,bagcoscapnike
923,날씨가점점봄이오는거같아서너무좋네요
924,아직일교차가크니다들감기랑코로나조심하세요
925,httpswwwinstagramcomlxxbxxw
926,노드아카이브
927,멜란지마스터
928,노드아카이브
929,하루타
930,httpswwwinstagramcomgyeoreyun
931,폴로
932,데비어퍼
933,컨버스
934,꼼데가르송
935,제멋스퀘어후드집업자켓블랙
936,보
937,세
938,나이키에어포스'WB플렉스
939,케이스몽유룸헤드셋당근에서천원에구매한이름모를헤드셋
940,유행하는나일론후드유행하는된포유행하는몽유룸유행하는헤드셋걸치기줏대없는룩
941,reetce
942,스투시
943,와이프로젝트
944,살로몬
945,etce
946,토니웩
947,컨버스
948,블레이저볼캡컨버스데님조합체고
949,짝꿍생일날청청으로맞춰입고경복궁다녀왔어요궁에선한복데이트해서그날의코디사진이별로없는건함정
950,유니클로
951,랩
952,mmrb
953,빈티지
954,빈티지
955,빈티지
956,반스
957,또한빈티지
958,패션위크구경하러밀라노방문했었는데갑자기직원분이반갑게인사하시길래저도반가운마음에약간의대화를나눴더니데리고들어가셔서패션쇼보고왔슴니다
959,옷을안챙겨가서근처벼룩시장에서산옷들이라정보가하나도없네요ㅠㅠㅠㅜ
960,쇼는한코펜하겐이었슴니다
961,httpswwwinstagramcomjxxngu_
962,앤더슨벨
963,앤더슨벨
964,리복마르지엘라
965,더뮤지엄비지터
966,브랜드제품이포함되어있습니다
967,리베레코리아
968,크럼프
969,러드
970,모자무센트
971,스파오리우아
972,베이스모먼트인스타이벤트
973,페몬트
974,가방메종미네드
975,mmgl
976,자바나스
977,무탠다드
978,컨버스
979,미니멀코드
980,시그니처
981,슈펜
982,stu
983,무신사
984,앤더슨벨
985,리복
986,앤더슨벨
987,드로우핏
988,자바나스
989,브랜디드
990,컨버스척테일러
991,x
992,유스
993,애프터프레이
994,오트리
995,사가지사가
996,쿠어타카페체험단
997,무탠다드
998,앤더슨벨
999,컨버스
1000,유스
1001,앤더슨벨
1002,아디다스
1003,텔파
1004,비슬로우
1005,자바나스
1006,모드나인
1007,뉴발란스
1008,마지언타이틀
1009,알렌느
1010,피스워커
1011,브랜스
1012,은크루활동을위해지급되는쇼핑지원금으로구매하였습니다
1013,httpswwwinstagramcomjh_kyeol
1014,covernat
1015,cos
1016,nike
1017,bagcoscapnike
1018,날씨가점점봄이오는거같아서너무좋네요
1019,아직일교차가크니다들감기랑코로나조심하세요
1020,httpswwwinstagramcomlxxbxxw
1021,노드아카이브
1022,멜란지마스터
1023,노드아카이브
1024,하루타
1025,httpswwwinstagramcomgyeoreyun
1026,폴로
1027,데비어퍼
1028,컨버스
1029,꼼데가르송
1030,제멋스퀘어후드집업자켓블랙
1031,보
1032,세
1033,나이키에어포스'WB플렉스
1034,케이스몽유룸헤드셋당근에서천원에구매한이름모를헤드셋
1035,유행하는나일론후드유행하는된포유행하는몽유룸유행하는헤드셋걸치기줏대없는룩
1036,reetce
1037,스투시
1038,와이프로젝트
1039,살로몬
1040,etce
1041,토니웩
1042,컨버스
1043,블레이저볼캡컨버스데님조합체고
1044,짝꿍생일날청청으로맞춰입고경복궁다녀왔어요궁에선한복데이트해서그날의코디사진이별로없는건함정
1045,유니클로
1046,랩
1047,mmrb
1048,빈티지
1049,빈티지
1050,빈티지
1051,반스
1052,또한빈티지
1053,패션위크구경하러밀라노방문했었는데갑자기직원분이반갑게인사하시길래저도반가운마음에약간의대화를나눴더니데리고들어가셔서패션쇼보고왔슴니다
1054,옷을안챙겨가서근처벼룩시장에서산옷들이라정보가하나도없네요ㅠㅠㅠㅜ
1055,쇼는한코펜하겐이었슴니다
1056,httpswwwinstagramcomjxxngu_
1057,앤더슨벨
1058,앤더슨벨
1059,리복마르지엘라
1060,더뮤지엄비지터
1061,브랜드제품이포함되어있습니다
1062,리베레코리아
1063,크럼프
1064,러드
1065,모자무센트
1066,스파오리우아
1067,베이스모먼트인스타이벤트
1068,페몬트
1069,가방메종미네드
1070,mmgl
1071,자바나스
1072,무탠다드
1073,컨버스
1074,미니멀코드
1075,시그니처
1076,슈펜
1077,stu
1078,무신사
1079,앤더슨벨
1080,리복
1081,앤더슨벨
1082,드로우핏
1083,자바나스
1084,브랜디드
1085,컨버스척테일러
1086,x
1087,유스
1088,애프터프레이
1089,오트리
1090,사가지사가
1091,쿠어타카페체험단
1092,무탠다드
1093,앤더슨벨
1094,컨버스
1095,유스
1096,앤더슨벨
1097,아디다스
1098,텔파
1099,인템포무드
1100,페이탈리즘
1101,오트리
1102,보세
1103,보세
1104,보세
1105,나이키
1106,미니백보세
1107,컬러감넘이뽀요
1108,Nba
1109,칼하트wip
1110,아식스
1111,어널러코드
1112,유핑
1113,인로우스
1114,wwtw
1115,타일레
1116,쿠어
1117,앤더슨벨
1118,아식스키코
1119,앤더슨벨
1120,reetce
1121,자바나스
1122,stu
1123,조셉트prt
1124,dior
1125,아르켓
1126,키뮤어
1127,나이크
1128,애프터프레이xprt
1129,자바나스
1130,피스워커
1131,아미리
1132,애프터프레이xprt
1133,스투시
1134,파츠
1135,비즈빔
1136,포터리
1137,아르켓
1138,etce
1139,보테가
1140,엘무드xprt
1141,루이비통
1142,머드나인
1143,크롬하츠etce
1144,이티씨이
1145,모드나인
1146,stu
1147,etce
1148,보테가
1149,루이스레더
1150,etce
1151,발렌시아가
1152,셀린느
1153,etce
1154,ck
1155,제멋
1156,지오다노
1157,뉴발란스
1158,렉토
1159,지오다노
1160,생로랑
1161,etce
1162,reetce
1163,etce
1164,생로랑
1165,etce
1166,셀린느
1167,etce
1168,모드나인
1169,이워레가시
1170,갤뎁
1171,셀린느
1172,프라닭
1173,파츠
1174,조셉트prt
1175,MLB
1176,코스
1177,코스
1178,보세
1179,제품이포함되어있습니다
1180,ourlegacybeslowromanticmove
1181,BESLOW에서좋은기회로받게된퍼플라인
1182,포일코팅진블랙컬러에비해패턴감이돋보이는옷이라어떻게입을까하다가약간락시크갬성으로
1183,클로버니트랑코디해봤는데의외로궁합이좋길래
1184,찍어본발샷입니당☻️
1185,ourlegacy
1186,클로버니트는입고사이즈가애매해서두개구매했는데은기장에비해품이너무딱맞아서결국으로결정했어요☻️
1187,beslow
1188,볼수록맛도리네요ㅋㅋㅋㅋ스판끼도있고스트레이트핏이라첼시부츠랑찰떡이구요
1189,패턴감못지않게핏도이쁨ㅎㅎ
1190,ourlegacy
1191,beslow
1192,romanticmove
1193,margielalemaire
1194,오케이몰라돈결제하다가터져서마르지엘라목걸이로대체했습니다ㅋㅋㅋ흰u넥에오버핏한
1195,블레이져걸쳐도이쁠듯요🤤
1196,위의제품들은요겁니당클로버니트는매물중반포일은정도하네요ㅋㅋㅋ
1197,​개추랑댓글사랑합니다ㅏㅏㅏ❤️
1198,인스타도놀러오세요~
1199,노이스
1200,앤커버
1201,요하닉스
1202,반스
1203,어나더유스세미콜론
1204,tngt
1205,제로
1206,나이키
1207,mlb
1208,하지만기분이는좋그든요
1209,엘무드
1210,자바나스
1211,무신사스탠다드
1212,커스텀에이드
1213,httpswwwinstagramcomhyeon_dailylook
1214,아트이프액츠
1215,스튜디오테도
1216,아웃스탠딩
1217,슈펜
1218,SSY
1219,어널러코드
1220,유스
1221,보테가
1222,예스아이씨
1223,엘리오티
1224,뉴발란스
1225,슈프림
1226,비바스튜디오
1227,쿠어
1228,슈펜독일군
1229,보세
1230,간단하게얇은니트에화이트데님으로입어보았습니다머리도조금더길러서묶을수있는길이까지왔으면좋겠네요
1231,상의
1232,자라
1233,하의
1234,가먼트레이블_GLWideJeansWhite
1235,신발
1236,바토즈_cro
1237,mmgl
1238,자바나스
1239,모드나인
1240,뉴발란스
1241,이쁘네욤
1242,보세
1243,플랙
1244,닥터마틴
1245,무탠다드
1246,로맨틱파이리츠
1247,무탠다드
1248,범고래커스텀
1249,마샬하아카이브
1250,유스
1251,비긴
1252,러드
1253,ETCE
1254,제로
1255,자바나스
1256,모드나인
1257,조셉트
1258,가방무신사스탠다드
1259,이전에지원받았었던제품니트가포함된데일리룩임을알려드립니다
1260,다양한코디많으니구경오세요✨‍♂️
1261,수아레
1262,보세
1263,보세
1264,아페쎄
1265,비디알
1266,포터
1267,에스피오나지
1268,satur
1269,satur
1270,nike
1271,freitag
1272,용산공원기대이상으로이뻤음요짱
1273,마뗑킴
1274,폴로
1275,오픈더도어
1276,닥터마틴
1277,러프사이드
1278,빈티지아카이브클럽
1279,파츠
1280,슈펜
1281,미쏘
1282,밀로이미스
1283,인더로우
1284,인사일런스
1285,바토즈
1286,유니폼브릿지
1287,라운지apt
1288,브루먼
1289,뉴발란스
1290,유니폼브릿지
1291,무신사모델분과비슷하게나마입어봤습니다
1292,이렇게입는것도재밌네요
1293,대가되니이제편한옷이좋네요ㅎㅎ
1294,어나더오피스
1295,cos
1296,youth
1297,니트나맨투맨보다가좋네요
1298,알렌느
1299,로스트가든
1300,에스피오나지
1301,자바나스
1302,슬로우아카이브
1303,나이키
1304,노스페이스
1305,파브레가
1306,바지피스워커
1307,로스트가든
1308,벨트밀리노
1309,오늘날씨넘좋았네용하지만전스터디카페
1310,알파인더스트리
1311,자바나스
1312,모드나인
1313,조셉트
1314,벨리에
1315,애습
1316,노운
1317,킨치
1318,밈더워드로브메종미네드
1319,보세
1320,토니웩
1321,비슬로우
1322,아식스젤카야노
1323,tpo안경
1324,햇빛너무좋습니당
1325,httpswwwinstagramcomdasein_
1326,데이트못갈것같긴해~🥲​
1327,니티드
1328,보세
1329,반스
1330,디엠주시면맞팔긔긔
1331,ssrl
1332,mmgl
1333,로맨틱무브
1334,이전제품포함
1335,앤드로스단순제품증정
1336,유니클로
1337,리바이스
1338,mmrb
1339,테켓
1340,자바나스
1341,보세
1342,조던
1343,리트리버클럽
1344,던스트
1345,조셉트
1346,탑텐
1347,보세
1348,닉스
1349,아디다스
1350,캘빈클라인
1351,cos
1352,무탠다드
1353,stu
1354,뉴발
1355,마지언타이틀
1356,청자켓안에셔츠레이어드로시티보이너낌만냈습니다
1357,가방이랑바지깔맞츔하기
1358,무탠다드
1359,유핑
1360,페이탈리즘
1361,로스트가든
1362,cmkg
1363,냅다흑청입기
1364,wwwinstagramcompizza__mo
1365,에잇세컨즈가디건
1366,hm롱슬리브
1367,제로스웻팬츠
1368,아식스
1369,프라이탁하이파이브오
1370,소금빵먹으러갔는데눈앞에서품절이네요
1371,스투시아워레가시바시티
1372,애프터프레이스투시
1373,라브로스
1374,에어포스
1375,유니클로
1376,와프
1377,구이디
1378,와프etce
1379,와프벨트엔와프바지죠
1380,강릉예뻐유~
1381,느와르라르메스
1382,르메르
1383,라벨아카이브
1384,mmrb메모러블
1385,르메르
1386,언아웃핏타카페체험단
1387,유핑
1388,모드나인
1389,야세타카페체험단
1390,지오다노
1391,날씨가많이따뜻해져서이제코트는못입겠네요ㅠㅠ
1392,사운즈라이프
1393,리넥츠
1394,슈펜
1395,커버낫무센트
1396,사러갔다가더워죽을뻔했습니다…
1397,엘무드
1398,바스틱
1399,페플
1400,나이키
1401,httpswwwinstagramcom__taelook
1402,쿠어
1403,유니온블루
1404,무신사스탠다드
1405,페몬트
1406,mmgl디자인옴므
1407,드로우핏
1408,모드나인
1409,뉴발란스
1410,포콤마키링
1411,httpswwwinstagramcomkdong_hyuning
1412,에두아르도
1413,마틴플랜
1414,조셉트
1415,에잇세컨즈
1416,인스타yu__
1417,바버
1418,폴로랄프로렌
1419,페이탈리즘
1420,금강제화
1421,아페쎄apc
1422,스튜디오테도
1423,아웃스탠딩
1424,슈펜
1425,톰브라운한글안경
1426,모덴아르더
1427,자바나스
1428,보세
1429,아디다스
1430,모자_더콜디스트모먼트
1431,아이러니포르노화이트라인
1432,보세
1433,메종미네드
1434,보세
1435,벌스데이수트
1436,코런트
1437,코스
1438,보세
1439,쇼핑후기게시판은제품실사혹은실사용후기가필수입니다누락될경우삭제될수있으니참고해주세요
1440,기본양식
1441,브랜드품명
1442,제품사진실사
1443,토니웩
1444,아크테릭스
1445,제로
1446,아디다스슈퍼스타
1447,reetce
1448,cos
1449,lab
1450,legacy
1451,요시다포터
1452,엘무드
1453,제로
1454,나이키된장포스
1455,요시다포터
1456,토니웩
1457,엘무드
1458,유니클로U
1459,legacy
1460,아직반팔만입기는쌀쌀하네용~
1461,mm
1462,뎃츠잇
1463,에어포스
1464,인템포무드
1465,제로
1466,나이키덩크
1467,가방아이더
1468,어제여의도한강에갔었는데날씨가너무좋더라구요다들한번씩가보시는거추천
1469,웨이비니스인스타이벤트
1470,애습
1471,주앙옴므
1472,mmrb
1473,애쉬컴팩트디자인옴므프라다
1474,보세
1475,보세
1476,뉴발란스
1477,모자무센트가방엔더슨벨
1478,httpsinstagramcomjun_moon_utm_mediumcopy_link
1479,파르티멘토
1480,무탠다드
1481,무탠다드
1482,조셉트
1483,지오다노
1484,보세자체제작
1485,십화점
1486,데케트
1487,후망
1488,보세자체제작
1489,엘무드
1490,자바나스
1491,아영상사
1492,로맨틱무브
1493,httpswwwinstagramcomhyeon_dailylook
1494,브랜드제품이포함되어있습니다
1495,보세
1496,자바나스
1497,앳더모먼트
1498,로맨틱무브
1499,모자_더콜디스트모먼트
1500,저스트영
1501,딥인다이브
1502,밀린
1503,제멋
1504,무탠다드
1505,말렌
1506,비에스큐티바이클래시
1507,비하이드아웃
1508,무탠다드
1509,보세
1510,보세
1511,보세
1512,저스트새러데이
1513,보세
1514,아디다스
1515,컨버스
1516,하이파이펑크
1517,리
1518,MNGU
1519,벨리에
1520,파츠
1521,로스트가든
1522,올드런드리
1523,모이프
1524,비얼디드키드
1525,유세지
1526,빈폴
1527,유니온블루런드리셔츠
1528,쿠틸
1529,로맨틱무브
1530,기억안남미니백
1531,배송달기다렸지만착용하자마자너무만족해서미치겠습니다
1532,해당게시판은생방송컨텐츠에사용될수있습니다
1533,늦잠자서비니쓰고출국
1534,주앙옴므
1535,자바나스
1536,스투
1537,후망
1538,스투시
1539,로스코
1540,자바나스
1541,모드나인
1542,스테파노로시
1543,급하게한장
1544,제품포함되어있습니다
1545,mngu
1546,레이어유니온인스타
1547,유니폼브릿지
1548,러드클로그
1549,해칭룸웨이비백
1550,트렌드컬러인그린으로포인트줘봤습니다
1551,httpswwwinstagramcomhs_dlook
1552,httpswwwinstagramcomlifexsgood
1553,앵글런
1554,앵글런
1555,엘무드
1556,cos
1557,coor
1558,애플워치
1559,짱구대디형보면서군생활잘보냈어요감사합니다ㅎㅎ
1560,유스토리
1561,더뮤지엄비지터
1562,노운
1563,텔파무센트
1564,베이지데님셋업너무예쁘지않나요
1565,믹스매치첫도전이라여자들이좋아하는느낌은아니지만…
1566,차차여심저격룩도도전해보겠슘당
1567,페프스튜디오
1568,더티뮤
1569,페프스튜디오
1570,뉴발란스
1571,빈폴
1572,친구가혼자청춘물찍냐고놀린
1573,보세
1574,레이어유니온
1575,토피
1576,뉴발란스
1577,httpsinstagramcomordinary_wbutm_mediumcopy_link
1578,투명망토
1579,랑가주망
1580,보세
1581,보세
1582,쿠어
1583,유핑
1584,세터
1585,스테파노로시
1586,포터
1587,도프제이슨
1588,트리플에이
1589,모드나인
1590,로맨틱무브
1591,아더에러
1592,플랙
1593,엔더슨벨
1594,앤더슨벨
1595,사람정말많더라고요
1596,특히커플들많았습니다
1597,한번쯤가볼만한것같습니다
1598,아전혼자였습니다
1599,비바스튜디오
1600,비긴
1601,나이키
1602,애플
1603,vivastudio
1604,COS
1605,XTONZ
1606,Autry
1607,입생로랑
1608,무신사스탠다드
1609,글로즈스튜디오
1610,다온아토
1611,자라
1612,마르지엘라
1613,토피
1614,아디다스xc
1615,예스아이씨마샬유니폼브릿지가방
1616,자라
1617,토피
1618,뉴발란스
1619,예스아이씨
1620,아르반
1621,고요웨어
1622,뉴발란스
1623,유니폼브릿지미니백mmlgxnewera
1624,아르반
1625,유니클로
1626,토피
1627,아디다스xc
1628,코닥m
1629,레이어드티셔츠유니클로
1630,뉴발란스
1631,mmlgxnewera마샬
1632,httpswwwinstagramcomdaily_koo_
1633,앤더슨벨
1634,와이프로젝트
1635,앤더슨벨
1636,idea
1637,무신사스탠다드
1638,집시
1639,비슬로우
1640,피렌체아뜨리에
1641,이예
1642,유스
1643,쿠어
1644,키코
1645,아워레가시
1646,테이크이지
1647,노드아카이브
1648,뉴발란스
1649,cmkg
1650,날씨가좋아서기분이좋네요
1651,wwwinstagramcompizza__mo
1652,인사일런스
1653,필루미네이트
1654,미나브
1655,슈펜×최겨울
1656,미나브쇼브오프
1657,에이카화이트
1658,제로
1659,반스
1660,블랭코브
1661,이전제품포함
1662,아울나인틴원
1663,수아레
1664,더비어퍼
1665,닥터마틴단순제품증정
1666,무센트단순제품증정
1667,에프터프레이
1668,엘무드
1669,아워레가시
1670,etce키링
1671,레더자켓도부들부들하고엘무드디스진도부들부들하고
1672,맘에드는조합이네요
1673,지금레더입기도날씨최곱니다
1674,instagram_ksk
1675,마하그리드×스타터
1676,포윗
1677,아디다스
1678,디엠주시면맞팔긔긔
1679,oomstudio
1680,spao
1681,insilence
1682,belluet
1683,geektayproject​
1684,토니웩
1685,무탠다드
1686,유스
1687,브라운야드
1688,던스트
1689,미니멀하면톤온톤룩아니겠습니꺼~가방까지브라운
1690,오토바이내꺼아님주의
1691,스웨이드에맞춰서도스웨이드로가봤슴다
1692,미나브자라x아더에러
1693,yiyae
1694,마틴로즈
1695,아워레가시
1696,httpswwwinstagramcomyyuu_
1697,세터
1698,무탠
1699,스파오
1700,뉴발
1701,메종미네드
1702,이런청자켓류코디는어색하긴하지만
1703,대만족입니다세터더눈여겨봐야겠네요
1704,히스체험단
1705,피어나리
1706,닥터마틴
1707,슬로우애시드
1708,인템포무드니트
1709,조셉트독일군
1710,애쉬컴팩트린커
1711,보세
1712,제로
1713,컨버스
1714,타미힐피거[StarsandStripesrugbytee]
1715,리스펙트[runningusaathleticclubsweatpantsgrey]
1716,컨버스[chucktaylorArchiveStarPrint]
1717,미국감성세스쿱
1718,바버인터네셔널
1719,헌터레인부츠
1720,라퍼지스토어체험단
1721,자바나스
1722,토니웩
1723,뉴발란스
1724,보세이벤트프라이탁
1725,브라운가죽자켓도사고싶네요ㅎㅎ
1726,디미트리블랙
1727,phyps
1728,노티카재팬
1729,뉴발란스v
1730,에스피오나지이벳필드
1731,httpswwwinstagramcomhakchan_sik
1732,보세
1733,자바나스
1734,보세
1735,반스
1736,아크네미니백
1737,보세
1738,esn
1739,브랜디드
1740,컨버스
1741,어반스터프
1742,마틴플랜이벤트제공
1743,이에스엔인스타
1744,효지노리코
1745,식스X
1746,니트단품으로입기매우좋은날씨☀️☀️☀️☀️
1747,브라운야드밍구
1748,르메르
1749,mmrb
1750,wwwinstagramcomh_anchovy_
1751,Afterpray
1752,Uping
1753,MusinsaStandard
1754,Moonstar
1755,Cos
1756,봄에는청자켓이죠
1757,wwwinstagramcomh_anchovy_
1758,토니웯
1759,폴로랄프로렌
1760,리넥츠
1761,로맨틱무브
1762,BVH세비지질스튜
1763,벨리에
1764,브렌슨
1765,우알롱
1766,나이키
1767,플레어업
1768,부산입니다만
1769,주앙옴므
1770,인템포무드
1771,마틴플랜
1772,킨치
1773,밈더워드로브
1774,보세
1775,무탠
1776,미나브
1777,무탠
1778,자라
1779,스투시
1780,스투시
1781,보세
1782,킨
1783,알파인더스트리ma
1784,베이직하우스
1785,아영상사
1786,조셉트
1787,나이키
1788,쿠어타카페체험단
1789,수아레오엑스스튜디오
1790,아영상사와르체험단
1791,로스트가든mmrb
1792,해칭룸인스펙터
1793,진짜질감이독특한쿠어가디건입니다
1794,봄구매하고싶어서구경하다가티아이포맨에유니크한게있길래
1795,구매했는데포인트되고베이직하게입었을때입기좋아서대만족
1796,티아이포맨CPO자켓
1797,티아이포맨
1798,갤럭시라이프스타일
1799,컨버스
1800,이번에영입한아이들로코디해봤습니다
1801,스스로너무만족스러운코디네요☺️
1802,벨리에
1803,더티셔츠뮤지엄
1804,세터
1805,브라운야드x레이크넨첼시부츠
1806,낫앤낫
1807,유니온블루
1808,브랜디드
1809,벨룻
1810,mmgl디자인옴므
1811,보세
1812,지오다노
1813,트래블
1814,에어포스
1815,커스텀멜로우
1816,반스
1817,주말에날풀려서커스텀멜로우프리커컬렉션바로개시했습니다
1818,CM할인들어갈때사서이득이었네요ㅋㅋㅋㅋ
1819,할인기간아직안끝나서커멜지를분들참고하시면좋을듯하네요
1820,도프제이슨
1821,보세
1822,앤더슨벨
1823,로스트가든
1824,cm
1825,앤더슨벨
1826,앤더슨벨
1827,보세
1828,히어로즈오브히스토리
1829,보세
1830,cn
1831,레이어유니온
1832,모드나인
1833,나이키
1834,httpswwwinstagramcomkdong_hyuning
1835,로파이
1836,보세
1837,보세
1838,뉴발란스
1839,도프제이슨
1840,아르켓
1841,자바나스
1842,파츠
1843,살로몬
1844,준느
1845,준느
1846,준느
1847,보테가
1848,보테가
1849,준느
1850,유니온블루
1851,유스
1852,미하라야스히로
1853,안티리버타카페체험단
1854,이번SS는제가무드를조금바꾸게되어드레시하게많이입을것같아요무드바꾸는게쉽진않았는데잘도전해보겠습니다
1855,httpwwwinstagramcomdo_yeong_p
1856,쿠어
1857,보세
1858,인사일런스
1859,킨치
1860,x
1861,수건가디건이쁘네요
1862,스투시
1863,샤카웨어
1864,니들스
1865,반스
1866,디네댓
1867,httpsinstagramcomjoe_chiveutm_mediumcopy_link
1868,디앤써타카페체험단으로
1869,로기
1870,디앤써
1871,악셀아리가토
1872,스파오
1873,자바나스
1874,시그니처
1875,마이애미프로젝트
1876,formen달고나오는제품들은대부분마른사람에게잘어울리는것같아서기분이좋크든요~
1877,룩참고인스타⬇️⬇️
1878,httpswwwinstagramcompCGpJzQjYrigshidawjbfmld
1879,로파이
1880,쿠어
1881,세터
1882,조셉트
1883,하아카이브
1884,도프제이슨
1885,애프터프레이
1886,모드나인
1887,닥터마틴
1888,젠틀몬스터
1889,배경이예뻐요
1890,스투시
1891,슬릭앤이지
1892,나이키
1893,스투시나이키
1894,라운지apt
1895,제로
1896,스테파노로시
1897,커버낫
1898,완전봄날씨에요
1899,무탠
1900,질샌더유니클로
1901,무탠
1902,커먼
1903,메신저백
1904,httpswwwinstagramcomjunkr
1905,더현대서울도처음가보고한강공원도거의처음이네요
1906,인템포무드
1907,세터
1908,ept
1909,프라이탁
1910,더현대처음가는데
1911,너무좋더라구요
1912,쿠어자켓까지구매하고왔숨다
1913,유니폼브릿지
1914,무탠다드
1915,리복x라이풀
1916,노스페이스
1917,예일
1918,무탠다드
1919,나이키
1920,슬로우에시드
1921,보세
1922,보세
1923,아식스제품제공
1924,무센트볼캡제품제공
1925,이제주말도끝이네요🥲주말잘보내셨나요
1926,지난주에바시티입구나갔는데이쁘네용
1927,엘무드
1928,무탠다드
1929,스파오
1930,뉴발란스
1931,무탠다드
1932,토니웩
1933,토니웩
1934,요위
1935,청자켓은역시숏하게입기
1936,insta_ksk
1937,httpsinstagramcomjun_moon_utm_mediumcopy_link
1938,커버낫
1939,로드
1940,뉴발란스
1941,카시오퀄리티퍼포먼스
1942,날이따뜻해서가디건개시했네요
1943,언어펙티드
1944,나이키
1945,마지언타이틀
1946,자바나스
1947,자바나스
1948,주앙옴므
1949,마이애미프로젝트
1950,가방무신사스탠다드
1951,따뜻한날씨입니다
1952,이스트로그
1953,이스트로그자바나스
1954,이스트로그
1955,리오파
1956,노드아카이브
1957,유핑
1958,노드아카이브
1959,뉴발란스
1960,cmkg
1961,편안한느낌으로입어봤습니다
1962,wwwinstagramcompizza__mo
1963,에스피오나지
1964,지오나노
1965,제멋
1966,v
1967,mlblmcgucci
1968,httpswwwinstagramcominram
1969,보세
1970,무탠다드
1971,미나브
1972,후망
1973,SPAO×짱구대디
1974,무탠다드
1975,모드나인
1976,뉴발란스
1977,cmkg
1978,햄버거집과분위기가어울리더라구여
1979,유니클로
1980,esn
1981,제로
1982,아식스
1983,르마드
1984,자라
1985,비바
1986,로맨틱무브
1987,달달달
1988,mbti가I인저는혼자놀러다닙니다
1989,초록부담스러울줄알았는데의외로괜찮은룩
1990,앤더슨벨더현대
1991,로맨틱파이어리츠
1992,모드나인
1993,아더에러
1994,마지언타이틀
1995,잔디니트넘예쁘지않나요♡
1996,머장님봄버핏이너무예쁘더라고요
1997,reetce
1998,손에들고있는건인센스스틱인데인스타에서몇번봐서사봤습니다ㅋㅋㅋ
1999,성수아더에러너무예쁘더라고요
2000,오늘까지더뮤지엄비지터전시라길래후다닥간분더샵
2001,더뮤지엄비지터
2002,오늘눈호강하고다시촌갑니다ㅋㅋ
2003,배경이예뻐요
2004,스투시
2005,슬릭앤이지
2006,나이키
2007,스투시나이키
2008,라운지apt
2009,제로
2010,스테파노로시
2011,커버낫
2012,완전봄날씨에요
2013,무탠
2014,질샌더유니클로
2015,무탠
2016,커먼
2017,메신저백
2018,httpswwwinstagramcomjunkr
2019,더현대서울도처음가보고한강공원도거의처음이네요
2020,인템포무드
2021,세터
2022,ept
2023,프라이탁
2024,더현대처음가는데
2025,너무좋더라구요
2026,쿠어자켓까지구매하고왔숨다
2027,유니폼브릿지
2028,무탠다드
2029,리복x라이풀
2030,노스페이스
2031,예일
2032,무탠다드
2033,나이키
2034,슬로우에시드
2035,보세
2036,보세
2037,아식스제품제공
2038,무센트볼캡제품제공
2039,이제주말도끝이네요🥲주말잘보내셨나요
2040,지난주에바시티입구나갔는데이쁘네용
2041,엘무드
2042,무탠다드
2043,스파오
2044,뉴발란스
2045,무탠다드
2046,토니웩
2047,토니웩
2048,요위
2049,청자켓은역시숏하게입기
2050,insta_ksk
2051,httpsinstagramcomjun_moon_utm_mediumcopy_link
2052,커버낫
2053,로드
2054,뉴발란스
2055,카시오퀄리티퍼포먼스
2056,날이따뜻해서가디건개시했네요
2057,언어펙티드
2058,나이키
2059,마지언타이틀
2060,자바나스
2061,자바나스
2062,주앙옴므
2063,마이애미프로젝트
2064,가방무신사스탠다드
2065,따뜻한날씨입니다
2066,이스트로그
2067,이스트로그자바나스
2068,이스트로그
2069,리오파
2070,노드아카이브
2071,유핑
2072,노드아카이브
2073,뉴발란스
2074,cmkg
2075,편안한느낌으로입어봤습니다
2076,wwwinstagramcompizza__mo
2077,에스피오나지
2078,지오나노
2079,제멋
2080,v
2081,mlblmcgucci
2082,httpswwwinstagramcominram
2083,보세
2084,무탠다드
2085,미나브
2086,후망
2087,SPAO×짱구대디
2088,무탠다드
2089,모드나인
2090,뉴발란스
2091,cmkg
2092,햄버거집과분위기가어울리더라구여
2093,유니클로
2094,esn
2095,제로
2096,아식스
2097,르마드
2098,자라
2099,비바
2100,로맨틱무브
2101,달달달
2102,mbti가I인저는혼자놀러다닙니다
2103,초록부담스러울줄알았는데의외로괜찮은룩
2104,앤더슨벨더현대
2105,로맨틱파이어리츠
2106,모드나인
2107,아더에러
2108,마지언타이틀
2109,잔디니트넘예쁘지않나요♡
2110,머장님봄버핏이너무예쁘더라고요
2111,reetce
2112,손에들고있는건인센스스틱인데인스타에서몇번봐서사봤습니다ㅋㅋㅋ
2113,성수아더에러너무예쁘더라고요
2114,오늘까지더뮤지엄비지터전시라길래후다닥간분더샵
2115,더뮤지엄비지터
2116,오늘눈호강하고다시촌갑니다ㅋㅋ
2117,토니웩
2118,리넥츠
2119,로맨틱무브
2120,론트세비지
2121,유니클로x질샌더유스리복마르지엘라
2122,자라자라리복마르지엘라
2123,코스어나더오피스아크네
2124,코스유스아크네
2125,코스유스리복마르지엘라
2126,시밀러룩
2127,오랜만입니당좋은하루되세요ㅎㅎ
2128,무탠다드
2129,자바나스
2130,브랜디드
2131,mmrb
2132,요런스타일을선호하는편
2133,보세
2134,보세
2135,플레이버리즘
2136,러드
2137,블레이저에키링etce가방보세안경젠틀몬스터스카프더뮤지엄비지터x마뗑킴
2138,Yiyae
2139,Lit
2140,Lostgarden
2141,Yiyae드리즐러막바지착장
2142,다들좋은하루되세요
2143,사진찍어줄사람~
2144,푸마x아미
2145,인템포무드
2146,조던
2147,쿠어
2148,유니온블루
2149,세터
2150,뉴발란스
2151,안티리버타카페체험단mmgl
2152,앤더슨벨
2153,덤브스트럭
2154,무탠다드
2155,다온아토
2156,날이따듯해지는걸보니
2157,봄이오고있어요
2158,도프제이슨
2159,유니온블루
2160,아영상사
2161,뉴발란스
2162,좋은주말보내세요
2163,etce
2164,자바나스
2165,하이파이펑크
2166,cos
2167,꺅~기분좋네용🤗🤗
2168,노스페이스
2169,파르티멘토
2170,아식스
2171,태양이싫어태양이싫어
2172,범고래
2173,젠틀몬스터
2174,토피
2175,자라
2176,수아레
2177,클락스
2178,카시오
2179,유튜브에서혼나고있는자라어그제온라인무지성구매하고쇼핑후기에서극찬했는데🥺
2180,무탠다드
2181,자바나스
2182,후러브스아트
2183,반스
2184,uttut
2185,wwwinstagramcomh_anchovy_
2186,아르켓
2187,알렌느
2188,무탠다드
2189,문스타
2190,아페쎄
2191,애프터프레이
2192,주앙옴므
2193,클락스
2194,코스
2195,쿠어
2196,보세
2197,클락스
2198,월스와일무브먼트
2199,코스
2200,알렌느
2201,무탠다드
2202,클락스
2203,보세코스
2204,드로우핏
2205,월스와일무브먼트
2206,무탠다드
2207,문스타
2208,코스
2209,벨리에타카페체험단
2210,자바나스
2211,보세
2212,클락스
2213,이모티오
2214,코스
2215,자바나스
2216,더패브릭
2217,클락스
2218,코스
2219,벨리에타카페체험단
2220,유핑
2221,엠엠지엘타카페체험단
2222,클락스
2223,엠엔지유
2224,더패브릭
2225,리오파
2226,이모티오
2227,애프터프레이
2228,esn
2229,보세
2230,리오파
2231,애프터프레이
2232,무탠다드
2233,클락스
2234,세인트제임스
2235,라그랑지
2236,알렌느
2237,무탠다드
2238,mmrb
2239,애프터프레이
2240,유핑
2241,무탠다드
2242,문스타
2243,코스
2244,겨울이랑봄코디모아봤습니다
2245,더많고다양한코디는인스타로오세요
2246,wwwinstagramcomh_anchovy_
2247,사진스팟이너무나도많아오히려고민…
2248,애프터프레이
2249,아워레가시
2250,모드나인
2251,뉴발란스
2252,앤더슨벨피치스
2253,mmgl
2254,인사일런스
2255,컨버스
2256,stu
2257,nickandnicole
2258,belier
2259,werheroad
2260,cos
2261,이태원나들이좋네용
2262,봄코디더하고싶어요
2263,비긴
2264,유핑
2265,앤더슨벨
2266,앤더슨벨
2267,발렌시아가
2268,아더에러
2269,써네이
2270,가방마지언타이틀
2271,엔지닷아카이브
2272,모드나인
2273,즐거운하루되세요
2274,아이엘
2275,유스
2276,카노
2277,보테가베네타
2278,벨리에
2279,자바나스
2280,모드나인
2281,나이키
2282,노노이
2283,httpswwwinstagramcombooong_k
2284,onlyiexist
2285,유니클로
2286,모드나인
2287,로맨틱무브
2288,에잇세컨즈
2289,착샷
2290,착샷
2291,세븐피겨스타카페체험단
2292,쿠어타카페이벤트멜란지마스터
2293,mmgl타카페체험단제로
2294,마이크로데이탸카페이벤트나이키
2295,파르티멘토
2296,스투시
2297,언아웃핏
2298,아식스
2299,mmgl
2300,모아
2301,bohrhoo
2302,에스피오나지
2303,저셉트
2304,바이르멍시도
2305,httpswwwinstagramcomhakchan_sik
2306,산산기어ss첫입문아달다달어🤤
2307,산산기어
2308,자바나스
2309,산산기어
2310,근본에어포스
2311,노페
2312,이번주도끝낫네요
2313,httpswwwinstagramcomdhlove
2314,폴로랄프로렌
2315,유핑
2316,무신사스탠다드
2317,캐치볼
2318,볼캡폴로랄프로렌
2319,cmkg
2320,이티씨이etce
2321,이티씨이X모드나인etceXmod
2322,뉴발란스newbalance
2323,더노스페이스thenorthface
2324,퍼스널팩
2325,제로
2326,반스
2327,프라이탁
2328,벗기엔아직춥네여
2329,아르켓
2330,예스아이씨
2331,커스텀어클락
2332,나이키문레이서
2333,애쉬컴팩트
2334,아르켓에서산자켓인데기장이길어수선했습니다
2335,휘뚜루마뚜루입기좋은것같아요~
2336,스튜
2337,어널러코드
2338,노드아카이브
2339,뉴발
2340,쬐애끔추웠다뇨
2341,짱대님이추천하신포트너스구매했습니다
2342,너무예쁘고실물로보면감성집니다~
2343,포트너스
2344,컨버스
2345,에스피오나지
2346,lvc
2347,컨버스척
2348,구찌
2349,다들덕수궁다녀오세요~~
2350,httpswwwinstagramcominram
2351,자라
2352,토피
2353,뉴발란스
2354,예스아이씨마샬
2355,httpswwwinstagramcomdaily_koo_
2356,날따듯해져서나들이다녀와서찍은사진
2357,오랜만에올려봅니다
2358,코스
2359,앤더슨벨
2360,아더에러x캠퍼
2361,아더에러
2362,유니클로
2363,오더플리즈
2364,닥터마틴
2365,카시오
2366,디엠주시면맞팔긔긔
2367,쿠어
2368,아이앱스튜디오
2369,mjd
2370,나이키mmw
2371,세미콜론아이웨어
2372,인사일런스
2373,브랜디드
2374,로맨틱무브
2375,httpswwwinstagramcomsungbo
2376,앤더슨벨
2377,무탠다드
2378,앤더슨벨
2379,닥터마틴
2380,앤더슨벨이번시즌미친거같아여
2381,다예뻐요ㄷㄷㄷㄷ
2382,보세
2383,보세
2384,보세
2385,위더로드
2386,폴로볼캡타미벨트
2387,척
2388,가먼트레이블
2389,아식스
2390,볼캡슬로우애시드
2391,본포스팅은브랜드로부터볼캡제품을제공받아작성되었습니다
2392,는인스타그램이벤트에당첨되어브랜드에서제공받았습니다
2393,가방은인스타그램업로드를위해브랜드에서제공받았습니다
2394,은크루활동을위해지급되는쇼핑지원금으로구매하였습니다
2395,httpswwwinstagramcomjh_kyeol
2396,후드비바스튜디오베스트앤더슨벨
2397,퍼렌
2398,로맨틱무브
2399,앤더슨벨
2400,노매뉴얼
2401,제로
2402,뉴발란스
2403,가방무신사스탠다드
2404,주앙옴므
2405,세븐피겨스
2406,세븐피겨스
2407,핳즐거운주말되세요
2408,무신사스탠다드
2409,유핑
2410,포트너스
2411,로스트가든
2412,cmkg
2413,제목은뭐로해야할지모르겠어요
2414,wwwinstagramcompizza__mo
2415,첫번째사진이엄청몽땅연필처럼나왔어요✏
2416,그래도처음으로미술관가서행복합니당ㅎㅎㅎ
2417,러시아아방가르드라는데전뭘모르기에
2418,감탄만하다왔네요ㅎㅎ
2419,무탠다드
2420,유핑
2421,모드나인
2422,뉴발란스
2423,예스아이씨바시티
2424,퍼스널팩후드집업
2425,제멋벌룬팬츠
2426,에어포스올검올블랙
2427,사진을찍었는데
2428,전부눈을감고있었네요
2429,오예스~~
2430,그레일즈
2431,보세
2432,보세
2433,나이키
2434,뉴에라x다다이즘
2435,인사일런스
2436,르메르
2437,르메르
2438,르메르
2439,르메르
2440,문선자라x아더에러
2441,브랜디드
2442,마틴로즈
2443,httpswwwinstagramcomyyuu_
2444,랄프로렌
2445,유니클로
2446,닥터마틴
2447,디스브로
2448,디스브로
2449,나이키
2450,비츠
2451,즐겁습니다
2452,아더에러
2453,스투시
2454,자라더에러
2455,필로그램타카페체험단
2456,닉앤니콜
2457,디앤써
2458,러프넥
2459,스웨이드자켓입어봤어요
2460,미나브
2461,보세
2462,무탠다드
2463,나이키
2464,나이키
2465,SEW
2466,모드나인
2467,올백포스
2468,스파오
2469,자바나스
2470,스파오
2471,조셉트
2472,괜찮나요처음이라부끄럽네요
2473,라코스테
2474,애프터프레이
2475,모드나인
2476,아더에러
2477,원스타
2478,원스타한별검은색켤레머스타드켤레가격
2479,러닝하이
2480,마지셔우드어트
2481,아르반
2482,자라
2483,엘무드
2484,아식스
2485,그램아운스파운드
2486,아이앱스튜디오X새들러하우스니트플레인
2487,제로딥원턱스웻팬츠그레이
2488,뉴발란스
2489,하아카이브웨이백팩블랙
2490,서울가는것보다저렴하고가까운제주ㅋ_ㅋ
2491,괜찮나요ㅎㅎ
2492,시그니처
2493,커버낫
2494,시그니처
2495,나이키
2496,인사일런스까르띠에
2497,레이어유니온
2498,슬로우아카이브
2499,나이키
2500,stu
2501,아워레가시
2502,앤더슨벨
2503,발렌시아가
2504,stu
2505,X
2506,Satur
2507,Toffee
2508,Lostgarden
2509,AecaWhite
2510,앤더슨벨샘플세일때개시한논노드날이많이추웠지만살아남았습니다✌️
2511,논노드
2512,아워레가시
2513,아워레가시
2514,젠틀몬스터
2515,아이젯
2516,인사일런스
2517,에스파이벗
2518,위더로드
2519,드로우핏
2520,인사일런스
2521,제멋
2522,로맨틱무브
2523,cmkg
2524,httpsinstagramcomzero_jean_utm_mediumcopy_link
2525,토니웩
2526,브렌슨
2527,페이탈리즘
2528,보세
2529,비가와서습하네요
2530,httpswwwinstagramcompCbjUEHjpl
2531,오늘pcr검사받고혹시몰라자가키트해보니양성이네요ㅜㅜ
2532,금칙어
2533,더니트컴퍼니
2534,브랜디드
2535,컨버스
2536,폴로
2537,토피
2538,카시나덩크
2539,날씨좋네요
2540,쿠어
2541,자바나스
2542,하이파이펑크
2543,컨버스
2544,APC애쉬컴팩트
2545,인사일런스
2546,리우아
2547,노이어타카페체험단
2548,로맨틱무브
2549,헤지스체험단
2550,걸쭉
2551,인사일런스
2552,인사일런스
2553,미나브
2554,로맨틱무브
2555,해칭룸
2556,어제엔트러스샘플세일갔다왔읍니다
2557,앤더슨벨
2558,엘무드
2559,앤더슨벨
2560,앤더슨벨
2561,브라운야드포터리
2562,포터리
2563,반스
2564,httpswwwinstagramcomgggu_ba
2565,드로우핏
2566,lcbx
2567,산산기어
2568,아식스
2569,아워레가시
2570,아르반블레이저
2571,고요웨어
2572,뉴발란스
2573,mmlgxnewera마샬
2574,httpswwwinstagramcomdaily_koo_
2575,와이드의맛을알아버린무난맨
2576,요즘은와이드팬츠만손이가네요
2577,예일맨투맨드로우핏이너
2578,필로그램
2579,슈펜
2580,아르반
2581,무탠다드
2582,로맨틱무브
2583,밈더워드로브
2584,무탠다드
2585,이에스엔
2586,구찌
2587,와이케이
2588,무탠다드
2589,슈펜
2590,패션질문게시판이용시관련사진첨부의무
2591,관련사진▷
2592,관련링크없으면미첨부▷
2593,무탠다드
2594,무지티
2595,리바이스
2596,브라운야드
2597,어나더오피스
2598,유니클로
2599,로스트가든
2600,네이키드니스
2601,콰이강의다리야경✨
2602,미나브
2603,어나더오피스
2604,브랜디드
2605,닥터마틴
2606,디자인옴므
2607,httpwwwinstagromcomhun_dailylook
2608,빨간맛
2609,인사일런스
2610,더티뮤
2611,파츠
2612,반스
2613,코스트퍼킬로
2614,토니웩
2615,모드나인
2616,나이키MMW줌
2617,JW앤더슨캡백
2618,엘무드
2619,자바나스
2620,비얼디드키드
2621,컨버스
2622,비스틱
2623,유니클로u
2624,이지폼러너
2625,압구정가시면하우스도산가셔서제니꼭보고가세요ㅜ
2626,알렌느
2627,블론드나인
2628,모드나인
2629,나이키
2630,httpswwwinstagramcomyu_uuuuu
2631,ssrl
2632,바버샵
2633,모드나인
2634,컨버스
2635,보세
2636,보세
2637,보세
2638,위더로드
2639,캘빈클라인
2640,우영미
2641,그냥면티
2642,자라
2643,x
2644,x
2645,에드리엘로스
2646,에드리엘로스
2647,조던유블
2648,반지구찌
2649,뉴발란스
2650,마샬mmlgxnewera
2651,httpswwwinstagramcomdaily_koo_
2652,아르반
2653,유니클로
2654,토피
2655,아디다스xc
2656,마샬메이저코닥m
2657,httpswwwinstagramcomdaily_koo_
2658,선팔하시면바로맞팔할게요
2659,애프터프레이
2660,수아레
2661,뉴발
2662,프라이탁
2663,선팔해주시고연락주시면바로맞팔하겠습니다
2664,vivastudio
2665,etce
2666,mod
2667,nike
2668,슬로우애시드
2669,슬로우애시드
2670,반스
2671,언더컨트롤
2672,httpswwwinstagramcomhakchan_sik
2673,앤더슨벨
2674,브랜디드
2675,나이키
2676,아더에러칼하트
2677,앵글런
2678,앵글런
2679,호카x엔지니어드가먼츠
2680,무탠
2681,테잌이지
2682,hm
2683,컨버스
2684,하아카이브
2685,노운
2686,아이앱스튜디오
2687,비긴
2688,뉴발란스
2689,스파오
2690,httpswwwinstagramcomyyong_
2691,테이크이지
2692,브라운브레스
2693,나이키조던
2694,httpswwwinstagramcom__br
2695,아식스
2696,오클리
2697,스파오
2698,보세
2699,보세
2700,슈펜
2701,엘레컴
2702,불금
2703,httpwwwinstagramcomdaily__bm
2704,가먼트레이블
2705,인로우스인스타
2706,로맨틱무브
2707,벌스데이수트
2708,자바나스
2709,페이탈리즘
2710,프리징
2711,애쉬크래프트
2712,comgen제품제공
2713,집에있던티셔츠
2714,comgen제품제공
2715,피스마이너스원x나이키퀀도
2716,더뮤지엄비지터볼캡
2717,봄날씨가다시왔길래후우딱신나서입어본셋업🥳색감이딱봄옷이쥬퀀도랑같이캐주얼하게매치해봤습니다얼른날풀려서데이트하고싶네요🥲
2718,키뮤어
2719,닉앤니콜
2720,모드나인
2721,로맨틱무브
2722,cmkg
2723,스튜
2724,비바
2725,uc버클리
2726,반스컴피쿠시원
2727,뛰어이씨
2728,무신사
2729,에두아르도
2730,토피
2731,컨버스
2732,MLB
2733,거울샷잘찍는방법좀알려주세요
2734,바지가너무예뻐서살까말까하다가결국샀습니다개선할점이나충고부탁드립니다
2735,X
2736,팔라스
2737,스투시
2738,에어포스
2739,에임레온도르모자
2740,애프터프레이
2741,자바나스
2742,폴코어
2743,아워레가시
2744,무센트
2745,무신사스탠다드
2746,유핑
2747,포트너스
2748,뉴발란스
2749,cmkg
2750,오늘은기본에충실하기로했어요
2751,wwwinstagramcompizza__mo
2752,무탠
2753,트리플에이
2754,랩생지
2755,컨버스하이
2756,브랜드카시오디스코치치바운트쇼브오프
2757,비긴
2758,브랜슨
2759,벨리에
2760,반스
2761,입기딱좋은날씨네여
2762,비슬로우
2763,유핑
2764,인로우스
2765,릭플로
2766,아노블리어크롭카라가디건
2767,이에스엔하프폴라니트
2768,무탠다드슬랙스
2769,커스텀에이드독일군스니커즈
2770,봄날씨인데비가오려나꾸리꾸리한금요일이네요~~☂
2771,–올투스바스터즈
2772,스투시
2773,–FCMM
2774,–반스
2775,기타악세–
2776,편하게입고다니는테크웨어룩이입니다ㅋㅋ
2777,진짜일주일에일은다이렇게입고다니네요
2778,간생간살이지만요즘은편한게제일입니다
2779,앤더슨벨
2780,앤더슨벨
2781,앤더슨벨
2782,앤더슨벨
2783,기대안했는데의외로좋네요
2784,etce
2785,커버낫
2786,페이탈리즘
2787,나이키
2788,인사일런스
2789,레이어유니온
2790,무탠다드
2791,무탠다드
2792,레이어유니온
2793,무탠다드
2794,제로
2795,뉴발란스
2796,레이어유니온
2797,유핑
2798,하이파이펑크
2799,뉴발란스
2800,보세
2801,비얼디드키드
2802,나이키
2803,mmgl가방
2804,나만멋없엉
2805,dedamfoundation
2806,comoli
2807,camper
2808,adererrorgentlemonster
2809,청자켓과맥코트🧥레이어드입니다
2810,맥코트hum_official_
2811,청자켓giordanokr
2812,옥스퍼드셔츠hangten_korea
2813,차콜슬랙스andz_official
2814,세미스퀘어토페니로퍼shoopen_official
2815,니트타이mycustomellow
2816,벨트dior
2817,httpsinstagramcomjun_moon_utm_mediumcopy_link
2818,무탠다드
2819,무탠다드
2820,무탠다드
2821,조셉트
2822,무탠다드애플
2823,아페쎄청자켓
2824,미나브롱슬리브
2825,제로스웻팬츠
2826,아디다스슈퍼스타
2827,카시오시계
2828,맛있는청자켓코디근데이제
2829,동네에있었으면주구장창갔을법한카페를곁들인
2830,유니클로u
2831,드로우핏
2832,인스펙터
2833,세터
2834,에잇세컨즈보세
2835,워치페이스까지맞춰주는극한의컨셉충…
2836,선팔하고말씀해주시면맞팔할게요
2837,엘무드
2838,앤더슨벨
2839,모드나인
2840,조셉트
2841,가방도프제이슨
2842,cmkg
2843,httpsinstagramcomzero_jean_utm_mediumcopy_link
2844,벨리에
2845,자바나스
2846,무탠다드
2847,커먼프로젝트
2848,예스아이씨
2849,토피
2850,뉴발란스
2851,etce
2852,예스아이씨바시티로열심히우려입는중
2853,코드그라피
2854,트리플에이
2855,어널러코드
2856,세븐피겨스
2857,스파오
2858,세븐피겨스
2859,커먼프로젝트
2860,최고기온도ㄷㄷ
2861,불금입니당마지막평일파이팅
2862,스파오
2863,뉴발
2864,하아카이브
2865,httpswwwinstagramcom_st_be
2866,애프터프레이prt협업
2867,아미
2868,타미진스
2869,나이키
2870,앺프prt협업플라이트자켓은볼수록너무예쁜것같아요색감도좋고너무포인트로좋네요
2871,앤더슨벨
2872,피스워커
2873,반스
2874,인스타y_seon_woo
2875,tngt
2876,비긴
2877,구보
2878,httpswwwinstagramcomyyuu_
2879,무신사스탠다드
2880,무신사스탠다드
2881,보세
2882,보세
2883,hsd
2884,벨리에
2885,자바나스
2886,아영상사
2887,로스트가든
2888,에어팟보세
2889,요즘날씨가진짜좋네요햇살맛집들발견하구갑니다
2890,자바나스
2891,드로우핏
2892,모드나인
2893,마이애미프로젝트
2894,가방무신사스탠다드
2895,르아브
2896,피스워커
2897,로맨틱무브
2898,카페첫글입니다
2899,너무좋은정보가많이있어서앞으로도활동열심히하겠습니다__
2900,아르반
2901,자바나스
2902,제로
2903,뉴발란스
2904,프라이탁하이파이브오
2905,오늘시쯤최종면접결과나오는데너무떨리네요
2906,제발합격가즈아
2907,플랙
2908,예일
2909,반스
2910,앤더슨벨
2911,매종미네드
2912,쏘유레슈어
2913,무무
2914,요즘일교차가은근심하네요🥲
2915,도프제이슨
2916,이에스엔
2917,무탠다드
2918,로맨틱무브
2919,레이어유니온
2920,사운즈라이프
2921,바토즈
2922,스텝온리
2923,httpswwwinstagramcomhakchan_sik
2924,선데이오프클럽
2925,예스아이씨
2926,조던
2927,파사드패턴
2928,이너인사일런스우먼
2929,선샤이너
2930,클락스
2931,토니웩
2932,이너트립르센스
2933,닥터마틴
2934,아헤
2935,닥터마틴
2936,매드마르스
2937,본챔스
2938,이너무탠다드
2939,플레이버리즘
2940,컨버스
2941,이너하이파이펑크
2942,아식스
2943,월인데왜이렇게추운건가요…
2944,다들따뜻하게입고다니셔요
2945,폴로
2946,브랜디드
2947,나이키
2948,아이앱
2949,필로그램
2950,반스
2951,폴로
2952,제멋
2953,나이키
2954,디엠주시면맞팔긔긔
2955,드로우핏
2956,자바나스
2957,모드나인
2958,로맨틱무브
2959,이전제품포함
2960,카웨단순제품증정
2961,mmlg단순제품증정
2962,ssrl
2963,컨버스
2964,헤리티지폴리스꼼데가르송
2965,파르티멘토
2966,인템포무드
2967,뉴발란스
2968,yiyae
2969,메종키츠네
2970,토피
2971,드라반
2972,STU
2973,앤더슨벨
2974,피스워커
2975,반스
2976,인스타y_seon_woo
2977,tngt
2978,비긴
2979,구보
2980,httpswwwinstagramcomyyuu_
2981,무신사스탠다드
2982,무신사스탠다드
2983,보세
2984,보세
2985,hsd
2986,벨리에
2987,자바나스
2988,아영상사
2989,로스트가든
2990,에어팟보세
2991,요즘날씨가진짜좋네요햇살맛집들발견하구갑니다
2992,자바나스
2993,드로우핏
2994,모드나인
2995,마이애미프로젝트
2996,가방무신사스탠다드
2997,르아브
2998,피스워커
2999,로맨틱무브
3000,카페첫글입니다
3001,너무좋은정보가많이있어서앞으로도활동열심히하겠습니다__
3002,아르반
3003,자바나스
3004,제로
3005,뉴발란스
3006,프라이탁하이파이브오
3007,오늘시쯤최종면접결과나오는데너무떨리네요
3008,제발합격가즈아
3009,플랙
3010,예일
3011,반스
3012,앤더슨벨
3013,매종미네드
3014,쏘유레슈어
3015,무무
3016,요즘일교차가은근심하네요🥲
3017,도프제이슨
3018,이에스엔
3019,무탠다드
3020,로맨틱무브
3021,레이어유니온
3022,사운즈라이프
3023,바토즈
3024,스텝온리
3025,httpswwwinstagramcomhakchan_sik
3026,선데이오프클럽
3027,예스아이씨
3028,조던
3029,파사드패턴
3030,이너인사일런스우먼
3031,선샤이너
3032,클락스
3033,토니웩
3034,이너트립르센스
3035,닥터마틴
3036,아헤
3037,닥터마틴
3038,매드마르스
3039,본챔스
3040,이너무탠다드
3041,플레이버리즘
3042,컨버스
3043,이너하이파이펑크
3044,아식스
3045,월인데왜이렇게추운건가요…
3046,다들따뜻하게입고다니셔요
3047,폴로
3048,브랜디드
3049,나이키
3050,아이앱
3051,필로그램
3052,반스
3053,폴로
3054,제멋
3055,나이키
3056,디엠주시면맞팔긔긔
3057,드로우핏
3058,자바나스
3059,모드나인
3060,로맨틱무브
3061,이전제품포함
3062,카웨단순제품증정
3063,mmlg단순제품증정
3064,ssrl
3065,컨버스
3066,헤리티지폴리스꼼데가르송
3067,파르티멘토
3068,인템포무드
3069,뉴발란스
3070,yiyae
3071,메종키츠네
3072,토피
3073,드라반
3074,STU
3075,세븐피겨스인스타
3076,세븐피겨스인스타
3077,다온아토
3078,예스아이씨
3079,자바나스
3080,나이키X스투시
3081,나이키X스투시에어포스
3082,맞팔할분들언제든환영해여~
3083,보세
3084,탑텐
3085,보세
3086,뉴발란스
3087,프라이탁거꾸로든거킹받네
3088,드로우핏타카페체험단
3089,에러스익셉티드타카페체험단
3090,아식스
3091,아크테릭스
3092,메종마르지엘라MaisonMargiela
3093,주앙옴므Juanhomme
3094,mmrb
3095,르메르Lemaire
3096,아워레가시OurLegacy
3097,리트Lit
3098,mmrb
3099,르메르Lemaire
3100,아르반Areuban
3101,아르반Areuban
3102,스튜디오니콜슨x문스타
3103,StudioNicholsonxMoonstar
3104,로에베Loewe
3105,주앙
3106,애드오프
3107,드로우핏
3108,발렌티노
3109,바이엘
3110,토마스모어
3111,필로그램타카페체험단
3112,컨버스
3113,카시오
3114,바이엘
3115,자바나스
3116,브랜디드
3117,컨버스
3118,바이엘
3119,유니폼브릿지
3120,브랜디드
3121,컨버스
3122,날씨때문에손이자주가네요
3123,드로우핏
3124,엘오디
3125,브랜디드x인사일런스
3126,인사일런스
3127,보세
3128,간절기엔레더지
3129,도프제이슨
3130,코스
3131,파르티멘토
3132,뉴발란스
3133,httpsinstagramcomordinary_wbutm_mediumcopy_link
3134,벨리에랄프로렌
3135,에센셜슬로우아카이브
3136,에센셜슬로우아카이브어널러코드
3137,범고래에어포스
3138,다로daro
3139,닉앤니콜포맨
3140,앤더슨벨
3141,앤더슨벨
3142,라돈아워레가시
3143,쿠어
3144,닉앤니콜포맨
3145,인사일런스브랜디드
3146,알렌느
3147,비브이에이치안경
3148,송지오
3149,플렉진
3150,아크네스튜디오
3151,오늘은아닙니다
3152,애프터프레이prtprtshop협업블루종
3153,유핑
3154,무탠다드
3155,밈더워드로브
3156,확실히대장님의옷은말이필요없네요🤗
3157,인스타만들었어요meojin__선팔해주시면맞팔할게요
3158,쿠어
3159,수아레
3160,앤더슨벨
3161,뉴발
3162,프라이탁
3163,토니웩
3164,자바나스
3165,페이탈리즘
3166,스투시
3167,m
3168,에어포스
3169,프라이탁huke
3170,유니클로
3171,레이온
3172,페플
3173,아식스
3174,아크테릭스
3175,라츠
3176,보세
3177,아식스gel제품제공카페올릴의무x
3178,젠틀몬스터안경
3179,진짜너무피곤한데주말에도출근해야되네요🥲
3180,에센셜
3181,에센셜
3182,조던코즙미드나잇네이비
3183,모자y
3184,아르반
3185,씨오큐
3186,포트너스
3187,이모티오
3188,httpswwwinstagramcom__taelook
3189,아르켓
3190,인템포무드
3191,안녕하세요봄옷을사지말까하다가지인이랑같이시내나갔다가가디건잘어울린다고해서
3192,지오다노서원주고모셔온가디건입니다
3193,옷보는눈이워낙없어서요몇년간사놓고도좋은소리들어본적이없어요
3194,친구들한테묻기전에여기먼저여쭈어봐요
3195,괜찮나요
3196,지오다노
3197,자바나스
3198,모드나인
3199,빈폴
3200,컴젠인스타
3201,플랙x런업콜라보로스트가든
3202,는인스타이긴한데베이지나노란색감좋아하시는분들은좋아할거같네요재질은탄탄한코튼입니다
3203,지퍼가원웨이라조금아쉽긴한데단추랑지퍼둘다있어서만족스러움
3204,는런업x플랙콜라보입니다스트레이트핏인데
3205,이게스판끼가있어서착용감은진짜좋아요개인적으로애정하는데님
3206,은로스트가든stof입니다굽이높고빡센스퀘어토라꾸꾸꾸무드에는매우만족스러운첼시부츠
3207,약간하이힐같은느낌이들어서호불호가좀강할거같은제품입니다
3208,컴젠
3209,플랙x런업콜라보
3210,로스트가든
3211,cm
3212,로스코
3213,에두아르도
3214,플레어업
3215,나이키
3216,MLB
3217,인스타yu__
3218,반원유니클로
3219,컨셉원
3220,아디다스
3221,날이쌀쌀하네요
3222,지안뮌
3223,컨셉원
3224,마르지엘라
3225,티셔츠한장입고나가야하는데
3226,왜이리쌀쌀해지는거죠
3227,노스페이스
3228,프로스팩스
3229,슈펜
3230,파르티멘토
3231,유핑
3232,집시
3233,플리징
3234,세터
3235,아영상사
3236,니트는빼입보다넣입이더낫겠죠
3237,와이드화이트진고민하다가아영상사
3238,갔는데입자마자너무이뻐서입틀막
3239,아영상사하세요
3240,아트오브필드
3241,풀코어
3242,핳수요팅하세요
3243,자바나스
3244,무신사스탠다드
3245,모드나인
3246,로맨틱무브
3247,ㅊㅂㅈㄴㅁㄷㄴㅇ
3248,앤더슨벨
3249,아워레가시
3250,앤더슨벨
3251,아워레가시
3252,httpswwwinstagramcomhhwwwan
3253,뉴발란스
3254,프라이탁모노소잉
3255,httpsinstagramcomjun_moon_utm_mediumcopy_link
3256,후아유
3257,무탠다드
3258,위더로드
3259,카시오유니클로지오다노
3260,오늘왜춥죠…ㅠㅠ
3261,예스아이씨
3262,이티씨이
3263,더만
3264,아식스x비비안
3265,카이엔데님자켓이쁘네용생각보다크지만ㅎㅎㅎ
3266,세터
3267,에잇세컨즈
3268,토피
3269,branz
3270,노매뉴얼
3271,COS
3272,포터프리스타일
3273,앤더슨벨
3274,메종미네드
3275,나이키
3276,httpswwwinstagramcomkdong_hyuning
3277,로에베
3278,수트에이블
3279,레가시
3280,악셀감사합니다
3281,크롬하츠
3282,부산의숨겨진제주도…따습고좋네요ㅎㅎ
3283,바쏘옴므
3284,유니온블루
3285,애드리엘로스
3286,부트릭플로
3287,지금입어도추운룩이네요🥶
3288,에잇세컨즈
3289,에잇세컨즈
3290,브랜디드
3291,다크모카
3292,mmgl
3293,MMGL
3294,앤더슨벨
3295,하이파이펑크
3296,아워레가시
3297,인스펙터
3298,믐글레더자켓존예네요♥
3299,도프제이슨
3300,무신사스탠다드
3301,노이어
3302,보세
3303,레더자켓화이트데님🤍
3304,애드오프
3305,아디다스
3306,내멋대로입기
3307,오엑스스튜디오
3308,자바나스아워레가시
3309,랩
3310,마르지엘라
3311,스튜디오니콜슨
3312,자라
3313,페이탈리즘
3314,로맨틱무브
3315,비바스튜디오
3316,자바나스
3317,모드나인
3318,로맨틱무브
3319,아워레가시
3320,벌스데이수트
3321,무탠다드
3322,버켄스탁
3323,비바스튜디오
3324,노운
3325,브라운야드
3326,해칭룸
3327,요즘날씨왜이러죠월이맞나싶네요ㅠㅠ
3328,httpswwwinstagramcomhs_dlook
3329,유니온블루
3330,모드나인
3331,나이키
3332,모자percent
3333,어색어색한첫데일리룩
3334,눈비가오던날얼어죽는줄알았습니다ㅠㅡ
3335,토니웩
3336,플랙
3337,준느
3338,나이키권도
3339,젠틀몬스터
3340,오리지널개파카
3341,모이프
3342,라이풀
3343,나이키스타피쉬
3344,노스페이스퍼플라벨사코슈
3345,벨리에
3346,리우아
3347,오더플리즈인스타
3348,야세
3349,콜드웨이브
3350,보세
3351,아영상사블랙진
3352,로맨틱무브
3353,추워서죽는쥴알았습니다
3354,너무춥다따뜻하게입고다니세여훌쩍
3355,cos
3356,javanas
3357,youth
3358,moonstar
3359,와이케이
3360,언히든
3361,컨버스
3362,비니와이케이
3363,와비니는크루활동을위해지급되는쇼핑지원금으로구매하였습니다
3364,는인스타그램이벤트당첨으로제공받았습니다
3365,httpswwwinstagramcomjh_kyeol
3366,밀로
3367,반스
3368,디엠주시면맞팔긔긔
3369,쿠어
3370,드로우핏코스
3371,무탠다드
3372,조셉트
3373,하아카이브
3374,트래블
3375,모드나인
3376,아디다스
3377,아크테릭스
3378,화이팅
3379,브랜드제품이포함되어있습니다
3380,아이러니포르노화이트라인
3381,자바나스
3382,파츠
3383,로맨틱무브
3384,가방_cos
3385,네이머클로딩
3386,제로
3387,슈펜
3388,인스타y_seon_woo
3389,앤더슨벨
3390,파츠
3391,마르지엘라리복
3392,이전제품포함
3393,앤드로스단순제품증정
3394,리트
3395,리트
3396,리복
3397,어텃
3398,통학은힘들어요…🥲
3399,디앤써퍼스널팩
3400,LMC
3401,키뮤어
3402,나이키
3403,까르띠에이스트팩
3404,rbu
3405,바지rbu
3406,아식스
3407,준느
3408,바지세컨즈
3409,벨룻
3410,가방라프시몬스이스트팩
3411,mmgl타카페체험단
3412,바지rbu
3413,요지스타
3414,목걸이아워레가시
3415,mmgl타카페체험단
3416,바지브랜디드
3417,킨치
3418,벌써부터막우울증올거같고뛰쳐나가고싶고
3419,다들코로나조심하세요
3420,엘무드
3421,메종미네드
3422,조던
3423,라코스테
3424,와르
3425,로맨틱무브
3426,토마스모어
3427,더니트컴퍼니
3428,인사일런스
3429,페이탈리즘
3430,로맨틱무브
3431,무탠
3432,무탠
3433,제로
3434,에어포스
3435,돈애스크마이플랜
3436,스투스
3437,클라코
3438,나이키
3439,너무편합니다ㅋㅋㅋ
3440,애프터프레이
3441,수아레
3442,스파오
3443,반스
3444,일교차심하니까따숩게다니세요ㅎㅎ
3445,주앙옴므타카페체험단
3446,지오다노
3447,브랜디드
3448,나이키
3449,httpswwwinstagramcomthsvorbs
3450,이스트로그
3451,자바나스
3452,이스트로그
3453,나이키
3454,httpswwwinstagramcomgggu_ba
3455,트렌치지금아니면안돼
3456,넌블랭크
3457,자바나스
3458,브랜디드
3459,그라더스
3460,악세아카이브앱크뮤지엄바이비컨
3461,멜란지마스터광고제품이포함되어있습니다
3462,멜란지마스터
3463,멜란지마스터
3464,나이키
3465,MLB
3466,인스타yu__
3467,애프터프레이
3468,아르켓
3469,비얼디드키드
3470,뉴발란스
3471,하아카이브
3472,보세
3473,보세
3474,미라보로paul
3475,수아레
3476,마틴플랜
3477,시그니처
3478,메모러블
3479,응애
3480,빛이너무강해서
3481,도프제이슨
3482,자바나스
3483,로맨틱무브
3484,따뜻할때빨랑입어야되여
3485,쫌만지나면더워서못입음
3486,봄에입기넘좋아효
3487,세터
3488,세터
3489,로스트가든
3490,httpswwwinstagramcomlifexsgood
3491,유시버클리
3492,알파인더스트리
3493,폴로
3494,메종미네드
3495,닥터마틴
3496,알파인더스트리
3497,자바나스
3498,리바이스
3499,mnrb
3500,롤링스튜디오
3501,자바나스
3502,모드나인
3503,mmrb
3504,무탠다드
3505,커스텀어클락
3506,보세
3507,mmrb
3508,보세
3509,자바나스
3510,페이탈리즘
3511,mmrb
3512,디키즈
3513,멜란지마스터
3514,토피
3515,뉴발란스
3516,벨리에
3517,자바나스
3518,페이탈리즘
3519,mmrb
3520,리바이스
3521,자바나스
3522,보세
3523,로맨틱무브
3524,알파인더스트리
3525,메종미네드
3526,메종미네드
3527,mmrb
3528,httpswwwinstagramcomjam_whoo_
3529,항상봄이되면트렌치코트를사고싶은마음이가득했는데빠르게지나가는계절특성상쉽사리구매하지못했었습니다
3530,그러다최근에타커뮤니티에서체험단으로더블트렌치코트를받게되었는데왜진작에사지않았을까후회가됩니다
3531,이번겨울에역시즌으로다양한트렌치코트를준비해볼생각입니다베이지컬러가특히나기대되네요
3532,아우터넌블랭크타카페체험단
3533,상의애습
3534,하의파츠
3535,신발바토즈
3536,가방프록시엘
3537,쿠어
3538,무신사스탠다드
3539,인사일런스x브랜디드
3540,닥터마틴
3541,mmgl
3542,어쩌다보니스키니진마니아
3543,팔찌이상하나요
3544,gux언더커버
3545,엘엠씨
3546,유니온가먼츠
3547,조던로얄토
3548,바운트깃털반지쇼브오프반지디스코치치팔찌보세팔찌
3549,인사일런스
3550,드로우핏타카페체험단
3551,모드나인
3552,벨룻
3553,밈
3554,년전에산인사트렌친데이제슬슬보내줘야겠네요ㅋㅋㅋ올해만열심히입겠습니덩
3555,Tngt
3556,wmc
3557,wmc
3558,아식스
3559,노이어wmc아식스
3560,노이어
3561,wmc
3562,wmc
3563,아식스
3564,Tngtmonoflowlee슈펜
3565,Tngt
3566,monoflow
3567,lee
3568,슈펜
3569,노이어
3570,탑텐
3571,브랜디드
3572,mmrb
3573,Tngt자바나스lee슈펜l
3574,Tngt
3575,자바나스
3576,lee
3577,슈펜
3578,노이어지오다노지오다노mmrb
3579,노이어
3580,지오다노
3581,지오다노
3582,mmrb
3583,노이어
3584,멜란지마스터
3585,무탠다드
3586,뉴발란스
3587,노이어자바나스브랜디드mmrb
3588,노이어
3589,자바나스
3590,브랜디드
3591,mmrb
3592,S노이어자바나스브랜디드mmrb
3593,노이어
3594,자바나스
3595,브랜디드
3596,mmrb
3597,lmc
3598,유핑
3599,산산기어
3600,아식스
3601,스파오
3602,가성비로lmc바람막이추천드립니다생각보다너무괜찮네요
3603,httpswwwinstagramcomyyong_
3604,쿠어
3605,플랙
3606,닥터마틴
3607,애플워치
3608,도프제이슨
3609,앤더슨벨
3610,모드나인
3611,나이키
3612,httpswwwinstagramcomkdong_hyuning
3613,진짜한달기다려서받았네요ㅠㅠ
3614,너무이쁘지만입을날이얼마없다는게아쉬워요
3615,엘무드
3616,바스틱
3617,브랜디드
3618,슈펜
3619,httpswwwinstagramcom__taelook
3620,큐컴버스
3621,모드나인
3622,mmrb
3623,화요팅하세요
3624,바지가진짜이쁜데잘안보여요
3625,자세히보면꽃무늬워싱ㅎ
3626,쿠어
3627,메종미네드
3628,마틴플랜
3629,우포스
3630,더콜디스트모먼트무궁화랑
3631,stu
3632,insilence
3633,labelarchive
3634,belier
3635,토니웩
3636,토니웩
3637,토니웩
3638,예스아이씨
3639,rdvz체험단
3640,컨버스
3641,몽유룸
3642,httpsinstagramcomamarastuazulutm_mediumcopy_link
3643,네오늘도교시인데큰일입니다
3644,유니클로히트텍이너
3645,플랙베를린
3646,크록스
3647,보세메신저백
3648,아이앱
3649,어낫띵
3650,엠엠지엘
3651,엑스톤즈
3652,보세
3653,브랜디드
3654,나이키mmw줌
3655,JW앤더슨볼캡백
3656,애프터프레이
3657,커버낫
3658,스파오
3659,커스텀에이드
3660,무탠다드
3661,httpswwwinstagramcomdhlove
3662,수아레
3663,컨버스
3664,cmkg
3665,자바나스
3666,무탠다드
3667,브랜디드
3668,컨버스
3669,어나더오피스
3670,모드나인
3671,스튜디오니콜슨
3672,마지언타이틀
3673,그레일즈
3674,아이앱스튜디오
3675,보세
3676,이지폼러너
3677,더뮤지엄비지터
3678,드림월드
3679,지플리시
3680,아영상사
3681,수제화
3682,도프제이슨
3683,나이키파타맥스발찌
3684,엘엠씨
3685,아영상사
3686,에어포스
3687,와릿이즌whatitisnt[무신사체험단]
3688,페이탈리즘fatalism
3689,나이키nike
3690,더노스페이스thenorthface
3691,비바스튜디오
3692,비바스튜디오
3693,비슬로우
3694,클락스
3695,보세셔츠유니클로
3696,헤지스
3697,보세
3698,kg
3699,토니웩
3700,토니웩
3701,모드나인
3702,로맨틱무브
3703,코스
3704,문선
3705,모드나인
3706,매장에서너무이뻐가지고실착후바로
3707,충동구매했습니다
3708,옷진짜잘만들었네요🤗
3709,마마가리
3710,비긴
3711,브랜디드
3712,컨버스
3713,이전제품포함
3714,쿠어
3715,마티스더큐레이터수아레
3716,파츠단순제품증정
3717,mmrb
3718,레이라체험단
3719,무탠다드
3720,하루타
3721,httpwwwinstagramcomdaily__bm
3722,엑스톤즈
3723,스투시
3724,필로그램
3725,나이키
3726,더콜디스트모먼트
3727,가디건구멍송송이라바람불어서춥다~~
3728,IGwoong_
3729,인사일런스
3730,비바스튜디오
3731,와이프로젝트
3732,보테가베네타
3733,IDEA
3734,리트리버클럽인스타
3735,퍼스트플로어
3736,어더스인스타
3737,크림에서월일기준에주고샀고요현입니다
3738,발매가는가성비최고입니다
3739,인사일런스
3740,코스
3741,시그니처
3742,아식스
3743,오디너티
3744,보세
3745,페플
3746,보세
3747,후망
3748,코드그라피
3749,본투윈
3750,조던하이코즙
3751,빈스모크
3752,굿라이프웍스무신사체험단무탠다드
3753,무탠다드
3754,토피
3755,컨버스빈티지네이비
3756,커버낫무신사체험단
3757,보세
3758,보세
3759,보세
3760,마르지엘라페인팅
3761,폴로볼캡
3762,x
3763,vlone
3764,imakeyouwait
3765,스캇포스
3766,x
3767,브이론도간만에입어봤습니당
3768,탑텐
3769,탑텐
3770,반스
3771,쿠어
3772,폴코어
3773,컨버스
3774,자세한리뷰는아래입니다
3775,마티스더큐레이터포터리
3776,포터리
3777,mmrb
3778,해칭룸
3779,httpswwwinstagramcomgggu_ba
3780,Lemaire
3781,Lemaire
3782,Mmrb
3783,Archiveepke
3784,학기초라아직교복이없는데
3785,입고갔다가친구들이랑모르는선배분한테잠옷이냐는소리듣고왔습니다
3786,파르티멘토
3787,위캔더스
3788,나이키
3789,더니트컴퍼니
3790,토피
3791,파르티멘토
3792,컨버스
3793,사아알포시
3794,mmmc
3795,지오다노
3796,젝시믹스
3797,나이키바이유범고래포스
3798,하이파이펑크가방
3799,무탠
3800,보세
3801,무탠
3802,조셉트
3803,비바
3804,믹스제이블랙
3805,아디다스
3806,고양이체고
3807,토니웩
3808,타일레
3809,모드나인
3810,아워레가시
3811,아워레가시에잇세컨즈
3812,언더마이카
3813,발렌시아가
3814,발렌시아가
3815,베스트블론드나인
3816,자바나스
3817,모드나인
3818,마이애미프로젝트
3819,가방무신사스탠다드
3820,에이징ccc
3821,esn
3822,지플리시
3823,뉴발란스
3824,httpsinstagramcomjun_moon_utm_mediumcopy_link
3825,비슬로우
3826,무탠다드
3827,무탠다드
3828,반스
3829,무탠다드
3830,tate
3831,빈티지
3832,로맨틱무브
3833,실버제품여러개
3834,오늘도워킹샷
3835,올블랙룩은소재와패턴같은디테일로재미주기
3836,상무탠다드로맞춰입었네요
3837,무탠다드
3838,무탠다드
3839,토니웩
3840,수아레
3841,인사일런스
3842,mmrb
3843,에잇세컨즈
3844,스파오
3845,반스
3846,디엠주시면맞팔긔긔
3847,유스
3848,디네댓
3849,더콜디스모먼트
3850,애드오프
3851,살로몬
3852,페레가모퍼즈
3853,정말미치도록애매한날씨
3854,LVC
3855,무텐다드
3856,LVC
3857,팀버랜드
3858,솔리드옴므
3859,자라
3860,엘무드
3861,나이키
3862,x
3863,앤더슨벨
3864,앤더슨벨
3865,앤더슨벨
3866,앤더슨벨
3867,라벨아카이브
3868,머리어깨무릎발무릎앤더슨벨
3869,그루브라임
3870,아웃스탠딩
3871,앵글런
3872,레드윙
3873,더블알엘
3874,입고싶은대로입는다그것이남자의길
3875,ㅋㅋㅋㅋㅋㅎㅎㅎㅎㅎ
3876,잇이스릿
3877,제멋
3878,트래블
3879,나이키
3880,프라이탁폴로
3881,로스코
3882,유스
3883,마르지엘라
3884,유스스트럭쳐데님넘무맛있슴다
3885,브랜드제품이포함되어있습니다
3886,모덴아르더
3887,보세
3888,보세
3889,로맨틱무브
3890,모자_percent
3891,디앤써
3892,수아레
3893,모드나인
3894,리복x라이풀
3895,모아
3896,bohrhoo
3897,에스피오나지
3898,조셉트
3899,언더컨트롤ngoarmy
3900,httpswwwinstagramcomhakchan_sik
3901,앤더슨벨
3902,세터
3903,피스워커
3904,피렌체아뜨리에
3905,유니버셜케미스트리
3906,블랙만한게없긴해~~
3907,쿠어
3908,쿠어
3909,무탠다드
3910,로맨틱무브
3911,문선유니온블루
3912,비긴
3913,오트리
3914,해칭룸
3915,니트베스트는뭔가어색해서매물보낼까말까고민중입니다
3916,httpswwwinstagramcomyyong_
3917,보세
3918,슬로우포크
3919,나이키
3920,어널로이드비니버빌리안백팩
3921,쿠어
3922,쿠어
3923,페이탈리즘
3924,조셉트
3925,mmgl
3926,탬버린즈하우스도산갔는데날도춥고사람도많아서빤스런일층포토존에줄서있는거보고기다빨렸네요
3927,httpswwwinstagramcomcho_pa_papa
3928,애프터프레이
3929,빅유니온
3930,아디다스슈퍼스타
3931,하아카이브
3932,디서먼트
3933,제로
3934,나이키
3935,코스
3936,남자가메도존예네요ㅠ
3937,토니웩
3938,수아레
3939,인사일런스
3940,mmrb
3941,에잇세컨즈
3942,스파오
3943,반스
3944,디엠주시면맞팔긔긔
3945,유스
3946,디네댓
3947,더콜디스모먼트
3948,애드오프
3949,살로몬
3950,페레가모퍼즈
3951,정말미치도록애매한날씨
3952,LVC
3953,무텐다드
3954,LVC
3955,팀버랜드
3956,솔리드옴므
3957,자라
3958,엘무드
3959,나이키
3960,x
3961,앤더슨벨
3962,앤더슨벨
3963,앤더슨벨
3964,앤더슨벨
3965,라벨아카이브
3966,머리어깨무릎발무릎앤더슨벨
3967,그루브라임
3968,아웃스탠딩
3969,앵글런
3970,레드윙
3971,더블알엘
3972,입고싶은대로입는다그것이남자의길
3973,ㅋㅋㅋㅋㅋㅎㅎㅎㅎㅎ
3974,잇이스릿
3975,제멋
3976,트래블
3977,나이키
3978,프라이탁폴로
3979,로스코
3980,유스
3981,마르지엘라
3982,유스스트럭쳐데님넘무맛있슴다
3983,브랜드제품이포함되어있습니다
3984,모덴아르더
3985,보세
3986,보세
3987,로맨틱무브
3988,모자_percent
3989,디앤써
3990,수아레
3991,모드나인
3992,리복x라이풀
3993,모아
3994,bohrhoo
3995,에스피오나지
3996,조셉트
3997,언더컨트롤ngoarmy
3998,httpswwwinstagramcomhakchan_sik
3999,앤더슨벨
4000,세터
4001,피스워커
4002,피렌체아뜨리에
4003,유니버셜케미스트리
4004,블랙만한게없긴해~~
4005,쿠어
4006,쿠어
4007,무탠다드
4008,로맨틱무브
4009,문선유니온블루
4010,비긴
4011,오트리
4012,해칭룸
4013,니트베스트는뭔가어색해서매물보낼까말까고민중입니다
4014,httpswwwinstagramcomyyong_
4015,보세
4016,슬로우포크
4017,나이키
4018,어널로이드비니버빌리안백팩
4019,쿠어
4020,쿠어
4021,페이탈리즘
4022,조셉트
4023,mmgl
4024,탬버린즈하우스도산갔는데날도춥고사람도많아서빤스런일층포토존에줄서있는거보고기다빨렸네요
4025,httpswwwinstagramcomcho_pa_papa
4026,애프터프레이
4027,빅유니온
4028,아디다스슈퍼스타
4029,하아카이브
4030,디서먼트
4031,제로
4032,나이키
4033,코스
4034,남자가메도존예네요ㅠ
4035,날이간만에맑아서델룩남겨봅니당
4036,세터
4037,자바나스
4038,모드나인
4039,그라더스
4040,어젠좀츱더라구용ㅎㅎ
4041,토니웩
4042,세인트제임스
4043,모드나인
4044,조셉트
4045,아더에러키링하아카이브가방
4046,알렌느
4047,알렌느
4048,yiyae
4049,llud
4050,x
4051,x
4052,롯데월드가면그럴싸진관한번씩들러보세요
4053,무탠다드
4054,유핑
4055,페이탈리즘
4056,나이키
4057,cmkg
4058,에어포스가이렇게뜨거워질줄몰랐죠
4059,wwwinstagramcompizza__mo
4060,와이케이
4061,스컬프터
4062,인사일런스
4063,쿠어
4064,모드나인
4065,아워레가시
4066,드디어아크테릭스입문했네요넘이쁩니다
4067,아크테릭스
4068,디네댓
4069,플레어업
4070,애프터프레이
4071,타일레알렌느
4072,모드나인무신사스탠다드
4073,뉴발란스로맨틱무브
4074,etce
4075,월일~월일박일간의사진들입니다
4076,플랙
4077,보세
4078,플랙
4079,블런드스톤
4080,요시다포터팔렛
4081,하지만전공과목은못깨우쳤다고전해진다
4082,인사일런스
4083,더디셔츠뮤지엄
4084,무탠다드
4085,하아카이브
4086,선팔해주시면맞팔할게요ㅎㅎ
4087,제품포함되어있습니다
4088,에드리엘로스타카페체험단
4089,보세
4090,보세
4091,마이크로데이
4092,드로우핏
4093,esn
4094,무신사스탠다드
4095,나이키
4096,프라이탁
4097,httpswwwinstagramcom__taelook
4098,흰둥이신고합니다
4099,페플
4100,유핑
4101,안경엠테이트
4102,aieul
4103,stussy
4104,taille
4105,clarks
4106,아크네스튜디오
4107,cos
4108,nike
4109,cos
4110,chindown
4111,clarks
4112,논플로어타카페체험단
4113,샤카웨어
4114,라벨아카이브
4115,요지스타
4116,드로우핏오버사이즈모즈울블레이저
4117,드로우핏모크넥니트티셔츠
4118,드로우핏모즈울와이드벌룬슬랙스
4119,로스트가든Max_bl
4120,검정다음으로좋을듯싶습니다
4121,바스틱
4122,엘엠씨
4123,디키즈
4124,컨버스
4125,브랜드
4126,쓰래셔
4127,플랙
4128,컨버스
4129,엘무드
4130,브랜디드
4131,클락스
4132,오엑스스튜디오
4133,스투시
4134,인스펙터
4135,나이키어콜드월
4136,mngu
4137,자바나스
4138,인스펙터
4139,로스트가든
4140,mngu
4141,서스테인
4142,모드나인
4143,뉴발란스
4144,csc
4145,llud
4146,뉴치프시크
4147,로스트가든
4148,csc
4149,csc
4150,나이키
4151,앤더슨벨
4152,llud
4153,모드나인
4154,로스트가든
4155,mngu
4156,자바나스
4157,csc
4158,lostgarden
4159,주앙옴므
4160,퍼렌
4161,악셀아리가토
4162,하만카돈
4163,개월만에데일리룩으로찾아뵈었습니다
4164,르마드
4165,닉앤니콜포맨
4166,모드나인
4167,로맨틱무브
4168,느와르라르메스
4169,etcex모드나인
4170,ept
4171,mlb하아카이브
4172,다올릴래잉
4173,저도뭔지모르겠네요
4174,OY
4175,스투시
4176,로드
4177,acoldwall×converse
4178,나갈땐비가왔는데버스에서내리니그쳐버린
4179,마틴플랜
4180,브랜디드
4181,컨버스
4182,무신사스탠다드
4183,자바나스
4184,모드나인
4185,캐치볼
4186,가방무신사스탠다드
4187,무탠다드
4188,쿠어
4189,브랜디드
4190,로맨틱무브
4191,🦀🦀🦀
4192,아무리생각해도가죽자켓이젤이쁜듯요
4193,쿠어
4194,엘무드
4195,로드
4196,조셉트
4197,반
4198,노매뉴얼
4199,제멋
4200,페이탈리즘
4201,조던
4202,프라이탁
4203,가먼트레이블
4204,로스트가든
4205,셔츠는인스타그램업로드를위해브랜드에서제공받았습니다
4206,은크루활동을위해지급되는지원금으로구입하였습니다
4207,httpswwwinstagramcomjh_kyeol
4208,유니클로
4209,cos
4210,cos
4211,자라
4212,모드나인
4213,에어포스
4214,물리수능특강풀기싫다물리수능특강풀기싫다
4215,물리수능특강풀기싫다물리수능특강풀기싫다
4216,라프시몬스
4217,더블유워크샵
4218,와이프로젝트
4219,발렌시아가
4220,알렌느
4221,닉앤니콜포맨
4222,파츠
4223,앤더슨벨
4224,아워레가시라돈
4225,x
4226,세컨즈베스트자바나스
4227,유니폼브릿지
4228,커스텀에이드
4229,x
4230,못생긴얼굴은이쁜꽃으로가려버리기
4231,빈티지
4232,빈티지
4233,빈티지
4234,나이키
4235,이런날은막입기좋은빈티지가최고
4236,아더에러
4237,스파오
4238,아더에러
4239,아더에러자라
4240,날씨가괜찮아져서입었는데아직은좀춥네용
4241,아워스코프타카페체험단
4242,플랙타카페체험단
4243,그라더스
4244,LMC
4245,디스이즈네버댓
4246,세븐셀라
4247,나이키
4248,하아카이브
4249,디스브로
4250,디스브로
4251,조던
4252,앤더슨벨
4253,마리떼저버드
4254,주앙
4255,반스
4256,yiyae
4257,메종키츠네
4258,토피
4259,드라반
4260,stumngu
4261,자바나스
4262,무탠다드
4263,모드나인
4264,조셉트
4265,etce
4266,partimento
4267,Lee
4268,poloralphlauren
4269,nike
4270,airpotpro
4271,날씨가풀렸었는데
4272,리트리버클럽
4273,보세
4274,팀버랜드
4275,노스페이스
4276,슈펜
4277,디엠주시면맞팔긔긔
4278,앤더슨벨
4279,앤더슨벨
4280,어우좋네요맛집입니다
4281,자바나스
4282,토피
4283,무신사스탠다드
4284,문스타
4285,컬럼비아백팩
4286,httpswwwinstagramcomj__sunghyun
4287,세터
4288,르아르
4289,메종미네드
4290,마르지엘라
4291,httpswwwinstagramcomye_hseng
4292,유니클로
4293,리바이스
4294,나이키
4295,애플워치
4296,잘생기고옷잘입는형님들보면서많이배워갑니다
4297,부족한점야무지게태클걸어주세요⚽️⚽️
4298,도굴바이브
4299,보세
4300,현도배
4301,미스터차일드
4302,컨버스
4303,비니어널로이드가방노비오
4304,인스턴트펑크
4305,드로우핏
4306,베테제
4307,자바나스
4308,브랜디드
4309,로맨틱무브
4310,소니헤드셋
4311,날씨가갑자기이상해졌네요🥺
4312,무탠다드
4313,인템포무드
4314,페이탈리즘
4315,조셉트
4316,가방도프제이슨
4317,cmkg
4318,httpsinstagramcomzero_jean_utm_mediumcopy_link
4319,아트오브필드타카페체험단
4320,유핑
4321,모드나인
4322,손
4323,스파오
4324,무탠다드
4325,언솔드
4326,아디다스
4327,httpwwwinstagramcomdaily__bm
4328,토니웩
4329,르아브
4330,집시
4331,자바나스
4332,무탠다드
4333,mmrb
4334,리끌로우
4335,살쪘습니다🥲
4336,컨셉원인스타
4337,컨셉원인스타
4338,컨셉원인스타
4339,식스X
4340,유니클로U가방
4341,양말만신은거아닙니다고무신입니다
4342,주말인데눈치없게춥고비와요왜왜왜왜왜
4343,httpswwwinstagramcommeenoikawaii
4344,dnsr
4345,애프터프레이
4346,무신사스탠다드
4347,덩크바시티그린
4348,ssrl
4349,벨리에
4350,보세
4351,모드나인스타더스트
4352,로스트가든
4353,밈더워드로브
4354,애프터프레이
4355,새터
4356,에어포스
4357,날씨가추웠다따뜻했다변덕이심하네요
4358,덕분에제코디도중구난방
4359,데이
4360,데이
4361,지오다노카시오
4362,보세
4363,보세
4364,가먼트레이블
4365,아식스젤smu
4366,스투시
4367,x
4368,이지갭
4369,모드나인
4370,나이키
4371,비바스튜디오
4372,나이키녹타
4373,모드나인
4374,나이키
4375,헤아프라다
4376,월에찍은거지만지금입을스타일같아서이제야올리네여
4377,타이핑미스테이크
4378,닉앤니콜
4379,랩
4380,아워레가시
4381,인스펙터
4382,간만에쇼핑하고용인자동차극장다녀왔어요
4383,자동차극장만의갬성이또있네요
4384,기본양식
4385,rbu
4386,nike
4387,rafsimons
4388,기본양식
4389,csc
4390,csc
4391,rbu
4392,nike
4393,기본양식
4394,pas
4395,pas
4396,기본양식
4397,rafsimons
4398,nike
4399,rafsimons
4400,기본양식
4401,rbu
4402,rbu
4403,nike
4404,근황입니다
4405,벨리에
4406,메종미네드
4407,메종미네드
4408,파스코로젠
4409,마틴플랜도프제이슨
4410,쇼핑성공
4411,아워레가시
4412,모드나인
4413,로맨틱무브
4414,아워레가시
4415,엘무드
4416,브랜디드
4417,아디다스
4418,젠틀몬스터오와이
4419,폴리테루
4420,유니온블루
4421,폴리테루
4422,폴리테루
4423,해칭룸
4424,요즘날씨너무쌀쌀하네요월에울파카입습니다
4425,httpswwwinstagramcomhs_dlook
4426,로스코
4427,디스코드사운드
4428,보세
4429,에어포스
4430,뭘보냥~
4431,마르지엘라
4432,꼼데가디건
4433,인스펙터
4434,발렌티노
4435,오늘고양이사진도더올릴예정입니다ㅎㅎㅎ고양이보러놀러오세요~~
4436,인템포무드
4437,제멋
4438,나이키
4439,가방무탠다드
4440,cmkg
4441,httpsinstagramcomzero_jean_utm_mediumcopy_link
4442,짱구대디형유튜브로년정도만보다가이렇게게시물올려보는건처음이네요앞으로열심히올려보겠습니다피드백부탁드립니다
4443,엘무드
4444,자바나스
4445,모드나인
4446,자라
4447,etce
4448,비바스튜디오
4449,비바스튜디오x발란사
4450,페이탈리즘
4451,로스트가든
4452,토니웩벨트
4453,인사일런스
4454,마르지엘라
4455,페이탈리즘
4456,조셉트
4457,애프터프레이
4458,etce
4459,etcex모드나인
4460,오트리
4461,애드오프가방모자그램아운스파운드
4462,인사일런스
4463,LMC
4464,페이탈리즘
4465,조셉트
4466,애드오프가방
4467,메종미네드
4468,메종미네드
4469,바토즈
4470,오랜만에전시회가서재밌게구경하다왔어요
4471,브라운야드
4472,비얼디드키드
4473,반스
4474,젠틀몬스터프라다캐논빈폴
4475,아워스코프
4476,보세
4477,인템포무드
4478,리프로덕션오브파운드
4479,광장시장발만원짜리캠브리지멤버스자켓
4480,폴로
4481,유니클로
4482,닥터마틴
4483,와일드브릭스
4484,인사일런스
4485,뮤탠다드
4486,로맨틱뮤브
4487,httpswwwinstagramcomsungbo
4488,이전제품포함
4489,쿠어
4490,폴로
4491,리바이스
4492,닥터마틴단순제품증정
4493,꼼데가르송
4494,토니웩
4495,페이탈리즘
4496,로맨틱무브
4497,httpswwwinstagramcom__hmm
4498,보세
4499,보세
4500,보세
4501,보세
4502,폴로볼캡
4503,cmkg
4504,nba
4505,자바나스
4506,가먼트레이블
4507,나이키
4508,애플워치
4509,시력교정수술하고집에박혀있다가코로나심해져서카페만집앞얼른다녀왔습니다
4510,첫데일리룩올리는건데잘봐주십쇼
4511,메종미네드
4512,피스워커
4513,로맨틱무브
4514,메종미네드ma크고좋네여ㅋㅁㅋ
4515,무신사스탠다드
4516,탑텐
4517,페플
4518,httpswwwinstagramcom__taelook
4519,나이키
4520,모드나인
4521,나이키
4522,네이티브유니온x메종키츠네카시오
4523,도프제이슨
4524,꼼파뇨
4525,모드나인
4526,위더로드
4527,마르지엘라보세이벤트
4528,가디건조아여~
4529,무탠다드
4530,랑가주망
4531,마르지하우스
4532,뉴발란스
4533,보세
4534,httpswwwinstagramcomhakchan_sik
4535,자바나스구스다운마원
4536,자바나스
4537,후아유
4538,컨버스
4539,mlb
4540,자바나스
4541,자바나스
4542,무탠다드
4543,모자mlb
4544,OLDLAUNDRY
4545,TAKEASY
4546,OLDLAUNDRY
4547,NEWBALANCE
4548,PATAGONIA
4549,흐린날엔조명좋은카페로
4550,벨리에
4551,세터
4552,세터
4553,로스트가든
4554,자바나스
4555,로드
4556,슈펜
4557,애프터프레이
4558,애프터프레이
4559,무탠다드
4560,뉴발
4561,라프시몬스더콜디스트모먼트
4562,날씨가우중충하니적금샷꺼내봅니다‍
4563,유니온발란트
4564,조던
4565,노스페이스
4566,멜란지마스터
4567,제멋
4568,나이키
4569,디엠주시면맞팔긔긔
4570,인템포무드
4571,자바나스짱구대디체험단
4572,슈펜
4573,엘레컴MLB
4574,앤더슨벨
4575,아워레가시
4576,보세
4577,플라스크
4578,보세
4579,페이탈리즘
4580,뉴발
4581,일교차추ㅇㅓㅓㅓㅓ용ㅇ
4582,스파오윈드브레이커
4583,유핑
4584,스파오셋업카고팬트
4585,아식스조그
4586,구경하러갔다가이뻐보여서그냥사버렸네용
4587,띠어리
4588,띠어리
4589,tate
4590,애드오프
4591,로맨틱무브
4592,도프제이슨더콜디스트모먼트
4593,삼각대처음써보는데너무어색하네요ㅋㅋㅋㅋ
4594,다들이럴때감기조심하십시오
4595,여러분의건강저걱정됩니다
4596,인템포무드
4597,이너지오다노
4598,인템포무드
4599,반스
4600,httpswwwinstagramcomthsvorbs
4601,앤더슨벨
4602,자라
4603,앤더슨벨
4604,앤더슨벨
4605,젠틀몬스터
4606,봄이오다다시가버렸어요
4607,인사일런스
4608,폴로
4609,무신사
4610,로맨틱무브
4611,싱글이랑발마칸만입다가더블입문을너무빡센걸로해버린…ㅠ
4612,앤더슨벨
4613,아워레가시
4614,아더에러
4615,보테가베네타
4616,젠틀몬스터뮈니르프로젝트
4617,stuoffice
4618,afterpray
4619,afterpray
4620,nike
4621,httpswwwinstagramcomt_ung
4622,라츠
4623,집에있던반팔
4624,보세
4625,아식스gel제품제공
4626,더뮤지엄비지터백팩두마로볼캡
4627,ETCE
4628,보세
4629,보세
4630,아디다스
4631,쿠어
4632,자바나스
4633,애프터프레이
4634,오트리
4635,애프터프레이소니
4636,컨셉원
4637,무탠다드
4638,시그니처
4639,기억이안나요
4640,플랙무신사체험단
4641,반스
4642,httpwwwinstagramcomdaily__bm
4643,제멋
4644,나이키
4645,하아카이브
4646,자바나스타카페체험단
4647,쿠어
4648,뉴치프시크
4649,아식스
4650,아크테릭스
4651,음~역시자바나스
4652,쿠어
4653,엘무드
4654,무탠다드
4655,로맨틱무브
4656,httpswwwinstagramcomlifexsgood
4657,유시버클리
4658,오베이
4659,더뮤지엄비지터
4660,슬릭앤이지로키팬츠
4661,나이키문레이서
4662,한남동아더에러다녀왔습니다D
4663,블러
4664,etcex모드나인
4665,브라운야드첼시부츠
4666,마지언타이틀러너백
4667,보세
4668,보세
4669,범고래
4670,httpswwwinstagramcomdhlove
4671,수아레
4672,반스
4673,감귤우산
4674,cmkg
4675,mngu
4676,하이파이펑크
4677,mmrb
4678,기본양식
4679,일꼬르소
4680,제로
4681,나이키
4682,httpswwwinstagramcom_tjqdk
4683,제품이포함되어있습니다
4684,stu
4685,etce
4686,와이프로젝트
4687,보테가베네타
4688,츠리님누테가
4689,도프제이슨
4690,테이크이지
4691,무탠다드
4692,아디다스
4693,아워스코프타카페체험단
4694,알렌느
4695,오엑스스튜디오
4696,아식스키코젤소켓
4697,니콜슨가방
4698,색감을참많이고민한코디네요
4699,애프터프레이
4700,슬로우아카이브
4701,나이키
4702,플랙Z
4703,플랙Z
4704,컨버스한별
4705,주앙옴므
4706,비슬로우
4707,앤더슨벨
4708,로스트가든
4709,애프터프레이애쉬컴팩트
4710,프리즘웍스
4711,비슬로우
4712,비슬로우
4713,반스
4714,브래디백젠틀몬스터폴로미놀타
4715,애프터프레이xPRTPRTSHOP
4716,자바나스
4717,하이파이펑크
4718,뉴발란스
4719,애프터프레이젠틀몬스터
4720,앺터가방너무이쁘네용ㅎㅎㅎㅎ
4721,관련공지httpscafenavercomzzangdaddy
4722,인템포무드
4723,플랙무신사체험단
4724,컨버스
4725,httpswwwinstagramcom__taelook
4726,폴로
4727,페이탈리즘
4728,반스
4729,스투시x기어어센틱
4730,와이프로젝트
4731,보테가
4732,프라다
4733,빈티지
4734,RDVZ
4735,빈티지팀버랜드
4736,빈티지매쉬캡
4737,httpsinstagramcomjun_moon_utm_mediumcopy_link
4738,파르티멘토
4739,무탠다드
4740,무탠다드
4741,뉴발란스
4742,금칙어
4743,커렌트
4744,보세
4745,리트
4746,닥터마틴단순제품
4747,헤리티지폴리스
4748,ssrl
4749,보세
4750,모드나인
4751,닥터마틴단순제품증정
4752,폴로
4753,모드나인
4754,컨버스
4755,리트무신사스탠다드
4756,모드나인
4757,뉴발란스
4758,폴로
4759,올드런드리
4760,닥터마틴단순제품
4761,노스페이스
4762,유니클로
4763,유니클로
4764,커렌트
4765,닥터마틴단순제품증정
4766,커렌트
4767,ssrl
4768,리트
4769,리복
4770,폴로
4771,올드런드리
4772,닥터마틴단순제품증정
4773,이전제품포함
4774,브랜디드
4775,코스
4776,파르티멘토
4777,스테파노로시
4778,피스메이커햇쓸까
4779,디스브로
4780,디스브로
4781,디스브로
4782,에어포스
4783,에이전트픽
4784,무탠다드
4785,인스펙터
4786,솔트앤초콜릿
4787,스튜디오니콜슨
4788,와은인스타그램업로드를위해브랜드에서제공받았습니다
4789,httpswwwinstagramcomjh_kyeol
4790,피크닉하기좋은날씨네요🥂
4791,아워레가시
4792,와이프로젝트
4793,보테가베네타
4794,큐컴버스
4795,비긴
4796,나이키
4797,아워레가시
4798,하이드
4799,블로그마켓
4800,나이키이니시에이터
4801,모자디네댓가방에이소프
4802,놀러오실뷴
4803,모자쓴거벗은거뭐가더나아보이나요
4804,TNGT타카페체험단
4805,어널러코드
4806,올백포스
4807,폴로
4808,노매뉴얼
4809,조던
4810,질스튜어트
4811,셔켓sync
4812,이너셔츠세터
4813,앤더슨벨
4814,앤더슨벨
4815,모자벌스데이수트
4816,앤더슨벨
4817,벌스데이수트
4818,엘무드
4819,스카잔요곤집에있는데그냥한번입어봤지오
4820,앤더슨벨체커보드귀여움
4821,앤더슨벨
4822,세터셔츠이쁘지예
4823,니티드
4824,무탠다드
4825,아디다스
4826,디엠주시면맞팔쓩갑니다
4827,브라운야드
4828,퍼스널팩
4829,랩
4830,뉴발란스
4831,네이키드니스mlb
4832,브라운야드야상워싱정말예쁘네요
4833,제옷장에서제일비싼옷이되었지만색감이대체품이없어질렀습니다
4834,캐주얼룩엔모자가필수죵
4835,제주도바다는멍때리게만듭니덩
4836,제주도오면디앤디는필수코스입니다
4837,니트너무예쁘지않나요
4838,디스코드사운드
4839,제로
4840,아식스
4841,마리떼
4842,아르반
4843,자바나스
4844,무탠다드
4845,커먼
4846,미니백
4847,공부는안하지만시간은없네요
4848,httpswwwinstagramcompCbKSMPjYcutm_mediumcopy_link
4849,ArchiveBold
4850,Anolorcode
4851,Nike
4852,타카페체험단
4853,유니온블루문선
4854,브랜디드타카페체험단
4855,페몬트
4856,진짜마음에드는바지입니다
4857,청바지는역시ㅂㄹㄷㄷ
4858,지퍼만YKK로바뀌면완벽할듯
4859,쿠어
4860,무탠다드
4861,킨치
4862,해칭룸
4863,ZARA
4864,ESN
4865,보세
4866,후망
4867,베이스클래프가먼트레이블
4868,밈더워드로브
4869,자바나스
4870,모드나인
4871,로맨틱무브
4872,데이인스타
4873,이에스엔인스타
4874,인로우스인스타
4875,식스X
4876,모아
4877,지에이치
4878,pinsktbs
4879,컨버스
4880,오가프
4881,httpswwwinstagramcomhakchan_sik
4882,x
4883,스투시아워레가시
4884,코스트퍼킬로
4885,나이키오프화이트
4886,젠틀몬스터mngu
4887,날씨가따뜻해져서기부니가좋습니다
4888,무신사스탠다드
4889,제멋
4890,m
4891,커스텀에이드
4892,프라이탁
4893,STU
4894,보세
4895,마틴로즈
4896,조셉트
4897,아워레가시라돈메탈
4898,rafsng
4899,🧥무신사스탠다드
4900,드로우핏타카페체험단
4901,브랜디드
4902,벨룻
4903,벨트인사일런스
4904,오늘국민취업제도상담받고왔어유
4905,취준생이면진짜강추더라고요개월간만원씩준다고하네요
4906,옷살돈이조금은모이는군요흐흐흐
4907,리트리버클럽
4908,위켄더스
4909,슈프림에어포스
4910,더콜디스트모먼트볼캡
4911,토마스모어셔츠장만했는데너무만족스럽네유
4912,예일
4913,레이어드토마스모어
4914,토피
4915,데이브레이크베빨
4916,비슬로우
4917,뉴발란스
4918,완전시원하고딱좋네요
4919,노메뉴얼
4920,앤더슨벨
4921,조던
4922,셔켓sync
4923,이너셔츠세터
4924,앤더슨벨
4925,앤더슨벨
4926,모자벌스데이수트
4927,앤더슨벨
4928,벌스데이수트
4929,엘무드
4930,스카잔요곤집에있는데그냥한번입어봤지오
4931,앤더슨벨체커보드귀여움
4932,앤더슨벨
4933,세터셔츠이쁘지예
4934,니티드
4935,무탠다드
4936,아디다스
4937,디엠주시면맞팔쓩갑니다
4938,브라운야드
4939,퍼스널팩
4940,랩
4941,뉴발란스
4942,네이키드니스mlb
4943,브라운야드야상워싱정말예쁘네요
4944,제옷장에서제일비싼옷이되었지만색감이대체품이없어질렀습니다
4945,캐주얼룩엔모자가필수죵
4946,제주도바다는멍때리게만듭니덩
4947,제주도오면디앤디는필수코스입니다
4948,니트너무예쁘지않나요
4949,디스코드사운드
4950,제로
4951,아식스
4952,마리떼
4953,아르반
4954,자바나스
4955,무탠다드
4956,커먼
4957,미니백
4958,공부는안하지만시간은없네요
4959,httpswwwinstagramcompCbKSMPjYcutm_mediumcopy_link
4960,ArchiveBold
4961,Anolorcode
4962,Nike
4963,타카페체험단
4964,유니온블루문선
4965,브랜디드타카페체험단
4966,페몬트
4967,진짜마음에드는바지입니다
4968,청바지는역시ㅂㄹㄷㄷ
4969,지퍼만YKK로바뀌면완벽할듯
4970,쿠어
4971,무탠다드
4972,킨치
4973,해칭룸
4974,ZARA
4975,ESN
4976,보세
4977,후망
4978,베이스클래프가먼트레이블
4979,밈더워드로브
4980,자바나스
4981,모드나인
4982,로맨틱무브
4983,데이인스타
4984,이에스엔인스타
4985,인로우스인스타
4986,식스X
4987,모아
4988,지에이치
4989,pinsktbs
4990,컨버스
4991,오가프
4992,httpswwwinstagramcomhakchan_sik
4993,x
4994,스투시아워레가시
4995,코스트퍼킬로
4996,나이키오프화이트
4997,젠틀몬스터mngu
4998,날씨가따뜻해져서기부니가좋습니다
4999,무신사스탠다드
5000,제멋
5001,m
5002,커스텀에이드
5003,프라이탁
5004,STU
5005,보세
5006,마틴로즈
5007,조셉트
5008,아워레가시라돈메탈
5009,rafsng
5010,🧥무신사스탠다드
5011,드로우핏타카페체험단
5012,브랜디드
5013,벨룻
5014,벨트인사일런스
5015,오늘국민취업제도상담받고왔어유
5016,취준생이면진짜강추더라고요개월간만원씩준다고하네요
5017,옷살돈이조금은모이는군요흐흐흐
5018,리트리버클럽
5019,위켄더스
5020,슈프림에어포스
5021,더콜디스트모먼트볼캡
5022,토마스모어셔츠장만했는데너무만족스럽네유
5023,예일
5024,레이어드토마스모어
5025,토피
5026,데이브레이크베빨
5027,비슬로우
5028,뉴발란스
5029,완전시원하고딱좋네요
5030,노메뉴얼
5031,앤더슨벨
5032,조던
5033,오늘날씨가좋네요ㅎㅎ
5034,넌블랭크
5035,소신
5036,보세
5037,나이키
5038,이제완연한봄날씨네요~
5039,엘무드
5040,ESN
5041,메종미네드
5042,로맨틱무브
5043,예일
5044,비슬로우
5045,뉴발란스
5046,cmkg
5047,요즘엔맨투맨이사고싶네요
5048,wwwinstagramcompizza__mo
5049,세터
5050,어널러코드
5051,오트리
5052,httpswwwinstagramcomyyong_
5053,보세
5054,지오지아
5055,보세
5056,바나나핏
5057,애플워치
5058,인사일런스
5059,드로우핏
5060,모드나인
5061,벨룻
5062,무신사스탠다드
5063,뉴발란스
5064,엠엘비
5065,폴로
5066,나이키
5067,애쉬컴팩트
5068,유니클로
5069,errorexcepted
5070,lostgarden
5071,applewatch
5072,엘무드
5073,에잇세컨즈
5074,닥터마틴첼시부츠
5075,애쉬컴팩트
5076,미나브
5077,자라
5078,앤더슨벨
5079,로맨틱무브
5080,저만입을거니까
5081,무탠다드
5082,에두아르도
5083,마틴플랜
5084,조셉트
5085,에잇세컨즈
5086,인스타yu__
5087,아워스코프
5088,드로우핏
5089,페이탈리즘
5090,러프넥
5091,세비지
5092,하이파이펑크
5093,쿠어
5094,하이파이펑크
5095,로맨틱무브
5096,애플
5097,X
5098,MMIC
5099,NOIRER
5100,제품명DLAVAN
5101,FINDKAPOORONEBRILLIANT
5102,쿠어
5103,브랜디드
5104,브래드스튜디오
5105,마르지엘라
5106,산책하기딱좋은봄날씨바람냄새가너무좋네요
5107,폴로
5108,자바나스
5109,르마드
5110,뉴발
5111,보세
5112,보세
5113,보세
5114,httpsinstagramcomcsmicdututm_mediumcopy_link
5115,도프제이슨
5116,자바나스
5117,인템포무드
5118,나이키
5119,아미
5120,브랜디드
5121,발렌티노
5122,가방아크네스튜디오반지구찌
5123,어쩌다보니굉장히화사하게입어버린…
5124,그치만역시파스텔톤너무예뻐요ㅠㅠ
5125,그나저나아크네베이커백크로스백으로하는게예쁜지토트백으로드는게예쁜지모르겠네요ㅠㅠ
5126,어려워용ㅠ
5127,수아레
5128,아이러니포르노
5129,슈펜
5130,폭신폭신하고앵간한코디에다잘어울리는휘뚜루마뚜루입니다☺️
5131,인사일런스
5132,무탠다드
5133,무탠다드
5134,mmrb
5135,친구꺼빌렸습니다
5136,스톤아일랜드
5137,lmc
5138,브랜디드
5139,아디다스
5140,오와이
5141,이얼즈어고
5142,무탠다드
5143,폴리테루
5144,반스
5145,아더에러는왜투웨이지퍼가아닐까
5146,벨리에아더에러
5147,컨버스
5148,인템포무드
5149,덩크
5150,안보이는것
5151,x
5152,x
5153,제로
5154,다온아토
5155,간만에한장만올리네요☺️다들좋은밤되세요
5156,httpsinstagramcomlj__hyeok
5157,핏이문젠지코디가문젠지어색한포즈가문젠지모르겠네요
5158,벨리에니틀리
5159,LVC
5160,컨버스
5161,STU
5162,앤더슨벨
5163,스투시
5164,앤더슨벨
5165,야스히로
5166,디스이즈네버댓
5167,예스아이씨
5168,뉴발란스
5169,보세
5170,보세
5171,그레일즈
5172,유핑
5173,앤더슨벨
5174,뉴발란스
5175,월스와일무브먼트
5176,그레일즈봄버초컷구매성공했숩니다이쁘네영
5177,에이전트픽
5178,맨살
5179,토피
5180,로맨틱무브
5181,cmkg
5182,httpsinstagramcomzero_jean_utm_mediumcopy_link
5183,아이러니포르노화이트
5184,길단반팔
5185,보세냉장고바지
5186,하이코즙
5187,헤헤힣
5188,전시회너무재밋었어요꺄흘
5189,grailz
5190,craiggreen
5191,kanoh
5192,balenciaga
5193,rafsimonsXeastpakprada
5194,인사일런스토니웩
5195,폴코어
5196,로맨틱무브
5197,생로랑MARK
5198,httpsinstagramcomho_hauteutm_mediumcopy_link
5199,응애뉴비패션스타그램
5200,이날prtprtshop에서구매한앤더슨벨바지오늘입었습니다
5201,그냥너무예쁘네요미쳤습니다지금재고들어왔던데얼른구매하세요ㅠ
5202,토마스모어
5203,앤더슨벨
5204,반스
5205,애쉬컴팩트
5206,리트리버클럽
5207,시그니처
5208,라이풀
5209,백팩존피터뉴욕
5210,와가방은인스타그램업로드를위해브랜드에서제공받았습니다
5211,httpswwwinstagramcomjh_kyeol
5212,🥼아워스코프타카페체험단
5213,드로우핏타카페체험단
5214,무신사스탠다드
5215,반스
5216,비가한창쏟아지고나니까날씨가너무좋네요
5217,이제봄이니만큼밝은컬러감으로자주입고다녀야겠어요
5218,토니웩
5219,무탠다드
5220,모드나인
5221,하아카이브
5222,쿠어
5223,자바나스
5224,나이키
5225,바스락거리는느낌이넘취저
5226,디앤써
5227,무탠
5228,모드나인xETCE
5229,뉴발
5230,ETCE
5231,아크테릭스
5232,아마도무탠다드
5233,토마스모어
5234,나이키
5235,단돈에입문할수있는아크테릭스
5236,그건바로스쿼미시
5237,ssrl
5238,플랙
5239,스페이스에이지
5240,플라스크
5241,비에스래빗
5242,드라반
5243,레더리질스튜어트
5244,Instagram
5245,옷이진짜가벼워서좋더라구요ㅋㅋ돈값하는듯
5246,아크테릭스
5247,호카x엔가
5248,젠틀몬스터
5249,쿠어
5250,스투시
5251,모드나인
5252,버켄스탁
5253,모스콧
5254,로스코
5255,에두아르도
5256,모드나인
5257,조셉트
5258,에잇세컨즈
5259,인스타yu__
5260,자라
5261,코스유니클로
5262,잉크
5263,컨버스
5264,셀린느
5265,날씨가좋아공주에신상카페인'내재'를다녀왔습니다꼭거대한스튜디오같아서압도되었던기억이나네요공주가실일있으신분은들려도좋을거같습니다
5266,알렌느
5267,무탠다드
5268,모드나인턴미온사이즈
5269,미하라야스히로
5270,젠몬
5271,아이앱후드라이트그레이
5272,자바나스
5273,제로스웻팬츠
5274,조던미드포그그레이
5275,봄옷입는게재미있는데금방더워질까봐걱정입니다ㅠㅠ
5276,인사일런스
5277,토니웩
5278,모드나인
5279,로맨틱무브
5280,하아카이브가방
5281,etce
5282,자바나스
5283,무탠다드
5284,밈더워드로브
5285,prtprtshop에서구매한이티씨이
5286,개이쁘네요🤗
5287,보세
5288,보세
5289,반스
5290,디앤써
5291,RBU
5292,로스트가든
5293,아워스코프
5294,수아레
5295,페이탈리즘
5296,아워레가시
5297,아워레가시에잇세컨즈
5298,prtprtX애프터프레이
5299,etce
5300,리트
5301,나이키
5302,밈
5303,매장에서입어보고너무맘에들어가지고바로구매했는데후회가안들만큼너무이쁘네요
5304,도프제이슨
5305,자바나스
5306,모드나인
5307,벨룻
5308,mmgl
5309,낮에가죽입으니까덥네요ㄷㄷ
5310,스톤아일랜드
5311,보세
5312,퓨마
5313,잔뫙루피
5314,경주대릉원에가서벽에다대고한컷했어요~
5315,미니백까지장만했습니다🤪
5316,mimthewardrobe타카페이벤트
5317,mmgl
5318,lab
5319,newbalance
5320,인사일런스
5321,빈티지
5322,아식스조그
5323,키가작긴한데평소보다더작아보이게나와서아쉽네용
5324,나이키베스트
5325,Etce후드
5326,제로
5327,컨버스
5328,슈펜크로스백
5329,Gu언더커버ma
5330,Lmc
5331,아영상사
5332,반스
5333,드림월드바시티
5334,보세
5335,수제화
5336,바스틱
5337,멜란지마스터
5338,유니온가먼츠코팅진
5339,에어포스
5340,브랜드
5341,인사일런스
5342,자라
5343,페이탈리즘
5344,로맨틱무브
5345,에잇세컨즈벨트
5346,kg
5347,인사일런스로뽕뽑은이번겨울ㅎㅎ봄옷은세터로뽕뽑을예정ㅎㅎ
5348,세터
5349,세터
5350,모드나인
5351,나이키
5352,httpswwwinstagramcomkdong_hyuning
5353,아웃스탠딩레이어드그라미치
5354,무탠다드
5355,뉴발란스
5356,뉴에라
5357,어반스터프
5358,반스
5359,옷봐줄만한가용ㅋㅋ
5360,wworkshop
5361,자바나스
5362,모드나인
5363,조셉트
5364,나이키
5365,새터
5366,엘무드
5367,보세
5368,안경보세
5369,머리감았는데모자를썼네
5370,이스트쿤스트
5371,하이드아웃
5372,보세
5373,모자폴로
5374,예스아이씨
5375,모드나인
5376,나이키조던
5377,etce
5378,비싼이유가있다이말이야
5379,미술관가면최소한장찍는게국룰인거아시쥬
5380,반박시축알못
5381,무인양품
5382,코스
5383,커먼프로젝트
5384,httpswwwinstagramcommeenoikawaii
5385,안국핑크레빗
5386,국립현대미술관올해의작가상아이웨이웨이전시
5387,안국도마
5388,안국티테라피
5389,알렌느
5390,알렌느
5391,인템포무드
5392,mmrb
5393,구찌인스펙터
5394,국립현대미술관전시구경다녀왔어요
5395,알렌느신상블루종존예
5396,에드리엘로스
5397,시그니처
5398,조던유블
5399,반지구찌가방메종미네드
5400,어두워서색감이안담겼지만라벤더컬러니트입니다ㅎ
5401,그래도봄내음은좋다
5402,아르반
5403,엘무드
5404,세터
5405,밈더워드로브
5406,선팔해주시면맞팔할게요
5407,노매뉴얼
5408,디네뎃
5409,rdvz
5410,나이키
5411,비슬로우
5412,샤카웨어
5413,비슬로우
5414,슈펜
5415,넌블랭크
5416,시그니처
5417,자라
5418,MLB
5419,유니클로
5420,테이트
5421,뉴발란스
5422,mngu
5423,자바나스
5424,토피
5425,로맨틱무브
5426,mngustu
5427,새터
5428,엘무드
5429,보세
5430,보세
5431,보세
5432,보세
5433,cmkg
5434,칼하트
5435,클라코
5436,아식스
5437,요새아웃도어느낌너무편하고좋아요비도자주와서더체고
5438,더콜디스트모먼트
5439,낫포너드
5440,컨버스
5441,소니
5442,이케아갔다왔어요
5443,위캔더스
5444,커스텀어클락
5445,모드나인
5446,닥터마틴
5447,앤더슨벨
5448,작년겨울에갔다왔는데패딩잠깐벗고지옥을경험했습니다덜덜
5449,라벨아카이브
5450,레가시
5451,조셉트
5452,자바나스
5453,보세
5454,모드나인
5455,조셉트
5456,mngu
5457,무탠다드
5458,나이키
5459,아더에러브로치던스트가방
5460,무탠다드
5461,유핑
5462,제로
5463,스태파노로시
5464,아노락더뮤지엄비지터
5465,와이드진리트
5466,살로몬
5467,볼캡더뮤지엄비지터
5468,새빨간살로몬
5469,사계
5470,뮤지엄비지터볼캡
5471,뽀인트로좋아요
5472,자주가는사계해변
5473,니트파브레가
5474,와이드진리트
5475,아워레가시
5476,성글게짜인니트핸드페인팅이들어간와이드진
5477,니트단품으로입기에도좋은날씨
5478,찰칵찰칵
5479,결과물
5480,봄버자켓리트
5481,와이드진리트
5482,살로몬
5483,오래된옷들
5484,주상절리
5485,야상…살로몬
5486,그냥발샷하나
5487,자켓앤더슨벨
5488,와이드진리트
5489,아식스키코젤델바
5490,고등어회로마무리
5491,_rampee
5492,조끼원더플레이스
5493,자바나스
5494,제로
5495,뉴발란스
5496,가방무신사스탠다드
5497,쿠어
5498,윤희클오
5499,슈프림
5500,나이키
5501,슈프림
5502,httpswwwinstagramcomjxxngu_
5503,쿠어
5504,인사일런스
5505,모드나인
5506,mmrb
5507,던스트
5508,전체적으로무채색으로코디하긔
5509,쿠어가죽자켓램스킨이라그런지보들보들하네예
5510,기장도크롭이라좋습니더
5511,최애카페✨
5512,이전제품포함
5513,유니클로u
5514,바버샵
5515,로드존그레이
5516,닥터마틴단순제품증정
5517,다들꺼내실때됫죠
5518,도프제이슨
5519,에스피오나지
5520,로맨틱무브
5521,httpswwwinstagramcominram
5522,유니클로
5523,러드
5524,다온아토
5525,아모멘토
5526,아모멘토가방인데크랙으로되어있는소재도좋고색상도예뻐서맘에들었네요여성용이라크로스로매기인쫌짧지만그래도예쁜거같습니다
5527,도프제이슨
5528,인템포무드
5529,토피
5530,조셉트
5531,가방도프제이슨
5532,cmkg
5533,나이키
5534,유니온발란트
5535,나이키
5536,질스튜어트
5537,커버낫
5538,예일
5539,트래블
5540,커스텀에이드
5541,메종미네드mlb와일드브릭스
5542,한달전사진들
5543,볼레로코트리폼
5544,베스트셔츠들보세
5545,스커트팬츠플레이버리즘레이어드팬츠보세
5546,HMESC
5547,가방bbyb넥타이빈티지샵장갑보세안경젠틀몬스터
5548,퍼스트플로어
5549,비긴
5550,로스트가든
5551,보세이벤트
5552,겨울안뇽
5553,트래블
5554,twn
5555,에이카화이트
5556,뉴발란스
5557,테니스보이클럽이벳필드
5558,httpswwwinstagramcomhakchan_sik
5559,인사일런스
5560,쿠어
5561,토니웩
5562,조던
5563,인사일런스
5564,미나브
5565,파츠
5566,에어포스
5567,보세
5568,따뜻해지는듯다시쌀쌀해지는지금
5569,얼마못입는트렌치바짝입어야겠습니다
5570,요즘환절기라일교차심한데감기조심하세요~
5571,리트리버클럽
5572,시그니처
5573,라이풀
5574,안경데이워커
5575,는인스타그램업로드를위해브랜드에서제공받았습니다
5576,httpswwwinstagramcomjh_kyeol
5577,플랙셋업타카페체험단
5578,Mmrb
5579,르마드타카페체험단
5580,에러스익셉티드타카페체험단
5581,아디다스
5582,애드오프
5583,드로우핏타카페체험단
5584,에러스익셉티드타카페체험단
5585,아디다스
5586,아이러니포르노타카페체험단
5587,쿠어
5588,뉴치프시크
5589,Mmrb
5590,아트이프액츠타카페체험단
5591,쿠어
5592,테이크이지타카페체험단
5593,뉴발란스
5594,아트이프액츠타카페체험단
5595,쿠어
5596,제로
5597,뉴발란스
5598,세븐피겨스
5599,어프레쉬
5600,어프레쉬
5601,뉴발
5602,헤아소니아이홉소
5603,세븐피겨스인스타
5604,자바나스
5605,퍼스트플로어
5606,슈펜x비슬로우타카페체험단
5607,모자너무엄청대박존예
5608,앤더슨벨
5609,토피
5610,앤더슨벌
5611,리복
5612,앤더슨벨모자
5613,봄이다앙
5614,인사일런스
5615,유니클로
5616,무탠다드
5617,조셉트
5618,초벨트하아카이브가방
5619,언더마이카
5620,스투시
5621,산산기어
5622,아식스
5623,비오기전주말에논픽션쇼룸다녀왔습니다
5624,파르티멘토
5625,르아브나일론셋업
5626,르아브나일론셋업
5627,나이키x슈프림
5628,etce
5629,오자마자바로실착했네용영롱합니다✨
5630,토니웩
5631,자바나스
5632,브랜디드
5633,로맨틱무브
5634,uttut
5635,prt샵갔을때첫개시했었는데역시토니웩킹쁘네요
5636,httpsinstagramcomjun_moon_utm_mediumcopy_link
5637,언아웃핏
5638,무탠다드
5639,언아웃핏
5640,조셉트
5641,무탠다드
5642,wwwinstagramcomh_anchovy_
5643,cos
5644,더패브릭
5645,클락스데저트트랙
5646,cos
5647,이제날이풀려서완전봄이네요
5648,wwwinstagramcomh_anchovy_
5649,인사일런스
5650,폴로
5651,보세
5652,미라보로paul
5653,쿠어
5654,무탠다드
5655,페이탈리즘
5656,이제투웨이지퍼없으면허전하네요ㅋㅋ
5657,키뮤어
5658,소신
5659,오더플리즈
5660,후망
5661,위에사진은에프터프레이니트제품이고
5662,밑에사진이빈티지샵에서건진니트제품입니당
5663,에프터프레이빈티지
5664,보세
5665,슈된포
5666,아크네미니백
5667,스튜
5668,코닥
5669,비슬로우
5670,아디다스
5671,비그만임마ㅡㅡ
5672,파르티맨토
5673,엘무드
5674,세터
5675,로스트가든
5676,나이키x마틴로즈
5677,COS
5678,COS
5679,뉴발란스
5680,하아카이브
5681,날씨정말많이풀렸네요
5682,작년이맘때쯤군대에입대를했는데
5683,벌써년이지나전역개월을남겨두고있습니다ㅠ
5684,주앙옴므
5685,바스틱
5686,브랜디드
5687,인사일런스
5688,mmgl
5689,필로그램
5690,mmgl
5691,드로우핏
5692,수아레
5693,브랜디드
5694,아더댄
5695,보세
5696,주앙옴므
5697,미나브
5698,글로즈스튜디오
5699,클라시코
5700,머플러스파오가방바이더리
5701,별거없네요ㅋㅋ
5702,무탠다드
5703,에두아르도
5704,모드나인
5705,조셉트
5706,에잇세컨즈
5707,인스타yu__
5708,LVC
5709,폴로
5710,LVC
5711,닥마
5712,프라다
5713,mngu
5714,자바나스
5715,토피
5716,로맨틱무
5717,stumngu
5718,Satur
5719,보세
5720,Satur
5721,nike
5722,신기한커피가있다고해서다녀와봤슴다
5723,엘무드
5724,피스워커
5725,발렌티노
5726,생로랑구찌
5727,오늘비예보에엄청흐리네요ㅠㅠ기온은높던데생각보다바람이많이불어서추워요ㅠㅠ
5728,싱크
5729,무탠다드
5730,애드오프
5731,로스트가든
5732,자라코스
5733,드리스반노튼
5734,로에베
5735,나이키
5736,코스
5737,요시고전시전다녀와보니꼭여행다녀온기분이였습니다정말꼭가봐야하는곳이라는말에공감이갔던
5738,도프제이슨
5739,커버낫
5740,던스트
5741,자라
5742,굿라이프웍스무신사체험단
5743,레디×마우이
5744,rdvz제품제공
5745,에어포스
5746,그냥그렇다구요
5747,cos
5748,비슬로우
5749,문스타
5750,cos
5751,이제는정말루봄이네요
5752,아미
5753,아영상사
5754,로맨틱무브
5755,httpswwwinstagramcomsoakdma_
5756,MMGL
5757,브랜디드
5758,메종마르지엘라
5759,오디너티
5760,에프터프레이
5761,세인트크루
5762,토피
5763,반스
5764,제로
5765,자바나스
5766,보세
5767,나이키
5768,보세
5769,아르반
5770,엘무드
5771,시그니처
5772,마르지엘라
5773,아르반자켓맛있네요‍♂️
5774,벌써데일리룩을찍은지주가됐네요시간이너무빠른것같습니다ㅎㅎㅎ다들간절기에감기코로나조심하세용
5775,아르반
5776,애프터글로우
5777,파츠
5778,커스텀에이드
5779,스파오
5780,비슬로우
5781,제로
5782,컨버스
5783,캉골
5784,lee
5785,토마스모어
5786,비슬로우
5787,반스
5788,스파오보세
5789,이에스앤
5790,토피
5791,컨버스
5792,무탠다드
5793,키뮤어
5794,파츠
5795,자라
5796,제로
5797,제로
5798,자라
5799,드로우핏
5800,어반디타입
5801,파츠
5802,하루타
5803,httpsinstagramcomlj__hyeok
5804,맘에드는구만
5805,선데이오프클럽
5806,빈티지
5807,나이키
5808,떠그클럽비니리저렉션
5809,문선
5810,베일가
5811,년
5812,느와르라르메스
5813,유핑
5814,브랜디드
5815,알렌느SS
5816,엘무드
5817,앤더슨벨SS
5818,알렌느
5819,안녕하세요보드타는사람입니다
5820,노스페이스
5821,팔라스
5822,보세
5823,나이키SB
5824,슈프림
5825,thisis_mh
5826,ETCE
5827,보세
5828,보세
5829,위더로드
5830,가먼트레이블
5831,인사일런스
5832,파츠
5833,나이키
5834,셀린느
5835,선물받았는데이런미니백은첨이라서괜찮은지모르겠네요
5836,쿠어
5837,hm
5838,begin
5839,로맨틱무브
5840,에잇세컨즈
5841,wwwinstagramcomsongjae_x
5842,무탠다드
5843,인사일런스
5844,무탠다드
5845,기억안남죄송합니다
5846,없음
5847,마틴플랜
5848,마틴플랜
5849,p
5850,레더리
5851,인서타에더놀러와주세영ㅎㅅ
5852,타카페체험단
5853,드로우핏타카페체험단
5854,유니온블루
5855,어나더오피스
5856,로스트가든
5857,디자인옴므
5858,디스이즈네버댓
5859,무탠다드
5860,아디다스슈퍼스타
5861,스투시비니
5862,어나더유스
5863,유핑
5864,앤더슨벨
5865,플리징
5866,무탠다드
5867,보세
5868,나이키
5869,칼하트
5870,북촌한옥마을처음가봤는데좋네요
5871,아워레가시모헤어가디건
5872,보세
5873,아워레가시디지털프린팅데님
5874,컨버스
5875,아워레가시라돈메탈젠틀몬스터사우스사이드
5876,rafsng
5877,로파이
5878,드로우핏
5879,무탠다드
5880,컨버스
5881,코스
5882,httpsinstagramcomttutm_mediumcopy_link
5883,세터
5884,쿠어
5885,세터
5886,나이키
5887,처음으로행궁동와봤는데좋네요
5888,인템포무드
5889,아영상사
5890,나이키
5891,코디
5892,파르티멘토
5893,다이아몬드레이라
5894,제로
5895,뉴발란스
5896,쥐샥
5897,ssCp컴퍼니가먼트다잉오버셔츠
5898,칼하트롱슬리브
5899,어텐션로우
5900,나이키앰부쉬덩크
5901,httpsinstagramcomhhsbchdhsutm_mediumcopy_link
5902,esn
5903,인사일런스
5904,나이키
5905,마지언타이틀
5906,그레일즈
5907,프리븜웍스
5908,무탠
5909,에어포스
5910,앤더슨벨
5911,오엑스스튜디오이너
5912,비긴
5913,mmrb
5914,앤더슨벨
5915,올해인기컬러중에하나인핑크로색감매치해서코디해봤습니다
5916,httpswwwinstagramcomhs_dlook
5917,알렌느SS
5918,엘무드
5919,앤더슨벨SS
5920,알렌느
5921,안녕하세요보드타는사람입니다
5922,노스페이스
5923,팔라스
5924,보세
5925,나이키SB
5926,슈프림
5927,thisis_mh
5928,ETCE
5929,보세
5930,보세
5931,위더로드
5932,가먼트레이블
5933,인사일런스
5934,파츠
5935,나이키
5936,셀린느
5937,선물받았는데이런미니백은첨이라서괜찮은지모르겠네요
5938,쿠어
5939,hm
5940,begin
5941,로맨틱무브
5942,에잇세컨즈
5943,wwwinstagramcomsongjae_x
5944,무탠다드
5945,인사일런스
5946,무탠다드
5947,기억안남죄송합니다
5948,없음
5949,마틴플랜
5950,마틴플랜
5951,p
5952,레더리
5953,인서타에더놀러와주세영ㅎㅅ
5954,타카페체험단
5955,드로우핏타카페체험단
5956,유니온블루
5957,어나더오피스
5958,로스트가든
5959,디자인옴므
5960,디스이즈네버댓
5961,무탠다드
5962,아디다스슈퍼스타
5963,스투시비니
5964,어나더유스
5965,유핑
5966,앤더슨벨
5967,플리징
5968,무탠다드
5969,보세
5970,나이키
5971,칼하트
5972,북촌한옥마을처음가봤는데좋네요
5973,아워레가시모헤어가디건
5974,보세
5975,아워레가시디지털프린팅데님
5976,컨버스
5977,아워레가시라돈메탈젠틀몬스터사우스사이드
5978,rafsng
5979,로파이
5980,드로우핏
