"","brand_tag"
"1","스트라이프"
"2","레이어드룩"
"3","로고플레이"
"4","테리"
"5","컬러블록"
"6","로고플레이"
"7","편안한"
"8","체크"
"9","카무플라주"
"10","컬러포인트"
"11","로고플레이"
"12","화사한"
"13","컬러포인트"
"14","레터링"
"15","비비드"
"16","레귤러핏"
"17","카고"
"18","로고플레이"
"19","레터링"
"20","로고플레이"
"21","컬러포인트"
"22","와펜"
"23","로고플레이"
"24","컬러블록"
"25","컬러블록"
"26","와이드핏"
"27","레터링"
"28","로고플레이"
"29","뉴트럴톤"
"30","컬러블록"
"31","와이드핏"
"32","핀턱"
"33","레터링"
"34","카고"
"35","로고플레이"
"36","체크"
"37","그래픽"
"38","올블랙"
"39","레터링"
"40","카고"
"41","편안한"
"42","스포티"
"43","컬러포인트"
"44","로고플레이"
"45","그래픽"
"46","오버핏"
"47","콜라보"
"48","로고플레이"
"49","뉴트럴톤"
"50","레이어드룩"
"51","스트라이프"
"52","핀턱"
"53","오버핏"
"54","오버핏"
"55","편안한"
"56","콜라보"
"57","심볼"
"58","로고플레이"
"59","모노톤"
"60","로고플레이"
"61","뉴트럴톤"
"62","로고플레이"
"63","레이어드룩"
"64","아가일"
"65","와펜"
"66","로고플레이"
"67","로고플레이"
"68","카고"
"69","화사한"
"70","컬러포인트"
"71","뉴트럴톤"
"72","와펜"
"73","슬림핏"
"74","로고플레이"
"75","그래픽"
"76","오버핏"
"77","편안한"
"78","로고플레이"
"79","로고플레이"
"80","모노톤"
"81","로고플레이"
"82","뉴트럴톤"
"83","로고플레이"
"84","모노톤"
"85","스포티"
"86","편안한"
"87","로고플레이"
"88","컬러블록"
"89","카고"
"90","스트라이프"
"91","모노톤"
"92","로고플레이"
"93","콜라보"
"94","오버핏"
"95","메쉬"
"96","컬러포인트"
"97","로고플레이"
"98","컬러포인트"
"99","레터링"
"100","로고플레이"
"101","카무플라주"
"102","카고"
"103","로고플레이"
"104","모노톤"
"105","그래픽"
"106","콜라보"
"107","로고플레이"
"108","편안한"
"109","컬러포인트"
"110","로고플레이"
"111","메쉬"
"112","컬러포인트"
"113","비비드"
"114","편안한"
"115","스티치"
"116","테니스"
"117","캐릭터"
"118","로고플레이"
"119","카고"
"120","카무플라주"
"121","로고플레이"
"122","모노톤"
"123","로고플레이"
"124","카고"
"125","로고플레이"
"126","테니스"
"127","심볼"
"128","그래픽"
"129","로고플레이"
"130","콜라보"
"131","와이드핏"
"132","로고플레이"
"133","와펜"
"134","컬러블록"
"135","로고플레이"
"136","레이어드룩"
"137","로고플레이"
"138","테니스"
"139","비비드"
"140","로고플레이"
"141","그래픽"
"142","오버핏"
"143","편안한"
"144","래글런"
"145","스트라이프"
"146","뉴트럴톤"
"147","테니스"
"148","로고플레이"
"149","카고"
"150","뉴트럴톤"
"151","로고플레이"
"152","컬러블록"
"153","뉴트럴톤"
"154","로고플레이"
"155","컬러블록"
"156","와펜"
"157","뉴트럴톤"
"158","오버핏"
"159","핀턱"
"160","래글런"
"161","테니스"
"162","로고플레이"
"163","화사한"
"164","리버서블"
"165","캐릭터"
"166","로고플레이"
"167","모노톤"
"168","로고플레이"
"169","편안한"
"170","로고플레이"
"171","컬러블록"
"172","코듀로이"
"173","뉴트럴톤"
"174","로고플레이"
"175","오버핏"
"176","모노톤"
"177","로고플레이"
"178","레더"
"179","테니스"
"180","컬러블록"
"181","컬러포인트"
"182","오버핏"
"183","콜라보"
"184","그래픽"
"185","로고플레이"
"186","테니스"
"187","컬러포인트"
"188","와펜"
"189","비비드"
"190","로고플레이"
"191","올블랙"
"192","레터링"
"193","플리스"
"194","리버서블"
"195","비비드"
"196","로고플레이"
"197","컬러블록"
"198","컬러블록"
"199","로고플레이"
"200","컬러포인트"
"201","스포티"
"202","레더"
"203","컬러블록"
"204","테니스"
"205","로고플레이"
"206","오버핏"
"207","카고"
"208","오버핏"
"209","카고"
"210","모노톤"
"211","뉴트럴톤"
"212","로고플레이"
"213","로고플레이"
"214","편안한"
"215","컬러블록"
"216","로고플레이"
"217","퀼팅"
"218","리버서블"
"219","로고플레이"
"220","화사한"
"221","로고플레이"
"222","오버핏"
"223","카고"
"224","모노톤"
"225","뉴트럴톤"
"226","컬러블록"
"227","로고플레이"
"228","로고플레이"
"229","편안한"
"230","컬러블록"
"231","로고플레이"
"232","비비드"
"233","컬러포인트"
"234","카고"
"235","레터링"
"236","오버핏"
"237","컬러블록"
"238","레터링"
"239","컬러포인트"
"240","로고플레이"
"241","화사한"
"242","레터링"
"243","컬러블록"
"244","코듀로이"
"245","카고"
"246","코듀로이"
"247","모노톤"
"248","레터링"
"249","레더"
"250","그래픽"
"251","레터링"
"252","로고플레이"
"253","화사한"
"254","편안한"
"255","로고플레이"
"256","캐릭터"
"257","퀼팅"
"258","뉴트럴톤"
"259","편안한"
"260","로고플레이"
"261","레이어드룩"
"262","캐릭터"
"263","로고플레이"
"264","로고플레이"
"265","컬러블록"
"266","미세먼지"
"267","컬러블록"
"268","카고"
"269","로고플레이"
"270","스포티"
"271","로고플레이"
"272","로고플레이"
"273","레더"
"274","로고플레이"
"275","컬러블록"
"276","리버서블"
"277","체크"
"278","로고플레이"
"279","레더"
"280","리버서블"
"281","레터링"
"282","레더"
"283","그래픽"
"284","로고플레이"
"285","레더"
"286","모노톤"
"287","컬러블록"
"288","체크"
"289","모노톤"
"290","레더"
"291","퀼팅"
"292","체크"
"293","파스텔"
"294","화사한"
"295","그래픽"
"296","컬러포인트"
"297","로고플레이"
"298","로고플레이"
"299","모노톤"
"300","플리스"
"301","로고플레이"
"302","파스텔"
"303","컬러포인트"
"304","카고"
"305","레저스포츠"
"306","로고플레이"
"307","모노톤"
"308","글로시"
"309","뉴트럴톤"
"310","로고플레이"
"311","컬러블록"
"312","컬러포인트"
"313","코듀로이"
"314","로고플레이"
"315","로고플레이"
"316","리버서블"
"317","톤온톤"
"318","로고플레이"
"319","뉴트럴톤"
"320","그래픽"
"321","편안한"
"322","와펜"
"323","컬러포인트"
"324","로고플레이"
"325","플리스"
"326","카고"
"327","로고플레이"
"328","플리스"
"329","컬러블록"
"330","로고플레이"
"331","그래픽"
"332","로고플레이"
"333","퀼팅"
"334","로고플레이"
"335","카고"
"336","레이어드룩"
"337","체크"
"338","컬러블록"
"339","로고플레이"
"340","레이어드룩"
"341","뉴트럴톤"
"342","로고플레이"
"343","로고플레이"
"344","플리스"
"345","컬러포인트"
"346","컬러블록"
"347","로고플레이"
"348","화사한"
"349","카고"
"350","로고플레이"
"351","레이어드룩"
"352","로고플레이"
"353","레더"
"354","로고플레이"
"355","컬러블록"
"356","레더"
"357","로고플레이"
"358","레터링"
"359","코듀로이"
"360","화사한"
"361","오버핏"
"362","로고플레이"
"363","비비드"
"364","로고플레이"
"365","아가일"
"366","콜라보"
"367","로고플레이"
"368","뉴트럴톤"
"369","카고"
"370","코듀로이"
"371","플리스"
"372","미세먼지"
"373","콜라보"
"374","파스텔"
"375","모노톤"
"376","로고플레이"
"377","핀턱"
"378","로고플레이"
"379","리버서블"
"380","컬러포인트"
"381","로고플레이"
"382","한파"
"383","체크"
"384","레더"
"385","모노톤"
"386","로고플레이"
"387","레더"
"388","로고플레이"
"389","카고"
"390","리버서블"
"391","컬러블록"
"392","레터링"
"393","코듀로이"
"394","리버서블"
"395","플리스"
"396","컬러블록"
"397","로고플레이"
"398","카고"
"399","편안한"
"400","코듀로이"
"401","리버서블"
"402","뉴트럴톤"
"403","로고플레이"
"404","레이어드룩"
"405","모노톤"
"406","뉴트럴톤"
"407","로고플레이"
"408","로고플레이"
"409","카고"
"410","편안한"
"411","로고플레이"
"412","컬러블록"
"413","카무플라주"
"414","모노톤"
"415","로고플레이"
"416","컬러포인트"
"417","로고플레이"
"418","파스텔"
"419","카무플라주"
"420","로고플레이"
"421","컬러블록"
"422","코듀로이"
"423","컬러블록"
"424","레더"
"425","로고플레이"
"426","뉴트럴톤"
"427","로고플레이"
"428","퀼팅"
"429","그래픽"
"430","코듀로이"
"431","로고플레이"
"432","셀럽템"
"433","화사한"
"434","파스텔"
"435","리버서블"
"436","모노톤"
"437","컬러블록"
"438","레귤러핏"
"439","플리스"
"440","레더"
"441","글로시"
"442","플리스"
"443","레더"
"444","로고플레이"
"445","리버서블"
"446","로고플레이"
"447","한파"
"448","모노톤"
"449","레더"
"450","모노톤"
"451","카고"
"452","컬러블록"
"453","컬러블록"
"454","퀼팅"
"455","카고"
"456","뉴트럴톤"
"457","코듀로이"
"458","로고플레이"
"459","뉴트럴톤"
"460","카고"
"461","리버서블"
"462","플리스"
"463","셀럽템"
"464","모노톤"
"465","로고플레이"
"466","카고"
"467","컬러블록"
"468","스포티"
"469","로고플레이"
"470","컬러블록"
"471","모노톤"
"472","뉴트럴톤"
"473","로고플레이"
"474","레이어드룩"
"475","로고플레이"
"476","레터링"
"477","카고"
"478","로고플레이"
"479","글로시"
"480","오버핏"
"481","모노톤"
"482","체크"
"483","글로시"
"484","로고플레이"
"485","레터링"
"486","카고"
"487","컬러블록"
"488","와펜"
"489","뉴트럴톤"
"490","레더"
"491","스트라이프"
"492","비건패션"
"493","레더"
"494","뉴트럴톤"
"495","로고플레이"
"496","로고플레이"
"497","컬러블록"
"498","체크"
"499","플리스"
"500","화사한"
"501","레더"
"502","리버서블"
"503","로고플레이"
"504","플리스"
"505","로고플레이"
"506","비비드"
"507","와이드핏"
"508","레더"
"509","플리스"
"510","컬러포인트"
"511","리버서블"
"512","플리스"
"513","퀼팅"
"514","스트링"
"515","비건패션"
"516","로고플레이"
"517","플리스"
"518","카고"
"519","카고"
"520","오버핏"
"521","뉴트럴톤"
"522","로고플레이"
"523","카고"
"524","플리스"
"525","스터드"
"526","레더"
"527","플리스"
"528","로고플레이"
"529","코듀로이"
"530","뉴트럴톤"
"531","플리스"
"532","로고플레이"
"533","스트라이프"
"534","톤온톤"
"535","뉴트럴톤"
"536","코듀로이"
"537","캐릭터"
"538","로고플레이"
"539","컬러포인트"
"540","레터링"
"541","비비드"
"542","레이어드룩"
"543","캐릭터"
"544","로고플레이"
"545","플리스"
"546","로고플레이"
"547","캐릭터"
"548","콜라보"
"549","화사한"
"550","로고플레이"
"551","콜라보"
"552","그래픽"
"553","카고"
"554","로고플레이"
"555","플리스"
"556","로고플레이"
"557","레터링"
"558","레더"
"559","컬러블록"
"560","컬러블록"
"561","로고플레이"
"562","플리스"
"563","심볼"
"564","그래픽"
"565","코듀로이"
"566","플리스"
"567","뉴트럴톤"
"568","레이어드룩"
"569","로고플레이"
"570","로고플레이"
"571","카고"
"572","모노톤"
"573","컬러블록"
"574","레터링"
"575","로고플레이"
"576","편안한"
"577","플리스"
"578","로고플레이"
"579","카고"
"580","리버서블"
"581","콜라보"
"582","캐릭터"
"583","로고플레이"
"584","컬러블록"
"585","로고플레이"
"586","모노톤"
"587","뉴트럴톤"
"588","로고플레이"
"589","컬러블록"
"590","로고플레이"
"591","뉴트럴톤"
"592","비비드"
"593","아가일"
"594","로고플레이"
"595","카고"
"596","플리스"
"597","로고플레이"
"598","모노톤"
"599","플리스"
"600","로고플레이"
"601","화사한"
"602","컬러포인트"
"603","그래픽"
"604","로고플레이"
"605","화사한"
"606","비비드"
"607","와펜"
"608","컬러포인트"
"609","그래픽"
"610","로고플레이"
"611","플리스"
"612","카고"
"613","컬러블록"
"614","레터링"
"615","컬러블록"
"616","로고플레이"
"617","플리스"
"618","컬러블록"
"619","퀼팅"
"620","로고플레이"
"621","레이어드룩"
"622","로고플레이"
"623","스트라이프"
"624","로고플레이"
"625","퀼팅"
"626","컬러포인트"
"627","레더"
"628","로고플레이"
"629","리버서블"
"630","카고"
"631","플리스"
"632","퀼팅"
"633","코듀로이"
"634","플리스"
"635","카고"
"636","레더"
"637","모노톤"
"638","체크"
"639","퀼팅"
"640","레터링"
"641","심볼"
"642","플리스"
"643","레터링"
"644","컬러블록"
"645","플리스"
"646","퀼팅"
"647","모노톤"
"648","컬러포인트"
"649","코듀로이"
"650","로고플레이"
"651","비비드"
"652","레이어드룩"
"653","플리스"
"654","로고플레이"
"655","카고"
"656","레터링"
"657","그래픽"
"658","코듀로이"
"659","레더"
"660","톤온톤"
"661","로고플레이"
"662","화사한"
"663","체크"
"664","레더"
"665","로고플레이"
"666","코듀로이"
"667","레터링"
"668","톤온톤"
"669","로고플레이"
"670","모노톤"
"671","로고플레이"
"672","플리스"
"673","카고"
"674","레더"
"675","플리스"
"676","로고플레이"
"677","컬러블록"
"678","컬러블록"
"679","카고"
"680","플리스"
"681","로고플레이"
"682","리버서블"
"683","셀럽템"
"684","뉴트럴톤"
"685","톤온톤"
"686","카고"
"687","스트라이프"
"688","로고플레이"
"689","플리스"
"690","로고플레이"
"691","화사한"
"692","컬러포인트"
"693","화사한"
"694","비비드"
"695","로고플레이"
"696","카고"
"697","로고플레이"
"698","파스텔"
"699","플리스"
"700","컬러블록"
"701","로고플레이"
"702","편안한"
"703","그래픽"
"704","플리스"
"705","로고플레이"
"706","모노톤"
"707","비비드"
"708","플리스"
"709","로고플레이"
"710","컬러포인트"
"711","로고플레이"
"712","코듀로이"
"713","뉴트럴톤"
"714","퀼팅"
"715","로고플레이"
"716","컬러블록"
"717","로고플레이"
"718","컬러블록"
"719","뉴트럴톤"
"720","플리스"
"721","로고플레이"
"722","뉴트럴톤"
"723","컬러블록"
"724","모노톤"
"725","로고플레이"
"726","컬러포인트"
"727","화사한"
"728","로고플레이"
"729","뉴트럴톤"
"730","모노톤"
"731","로고플레이"
"732","퀼팅"
"733","아가일"
"734","뉴트럴톤"
"735","로고플레이"
"736","리버서블"
"737","로고플레이"
"738","컬러블록"
"739","레터링"
"740","컬러블록"
"741","레터링"
"742","로고플레이"
"743","플리스"
"744","파스텔"
"745","체크"
"746","뉴트럴톤"
"747","컬러블록"
"748","레이어드룩"
"749","컬러블록"
"750","로고플레이"
"751","미세먼지"
"752","카무플라주"
"753","퀼팅"
"754","플리스"
"755","모노톤"
"756","로고플레이"
"757","그래픽"
"758","모노톤"
"759","레터링"
"760","플리스"
"761","카고"
"762","로고플레이"
"763","플리스"
"764","리버서블"
"765","로고플레이"
"766","파스텔"
"767","로고플레이"
"768","뉴트럴톤"
"769","플리스"
"770","모노톤"
"771","스트라이프"
"772","카무플라주"
"773","로고플레이"
"774","모노톤"
"775","로고플레이"
"776","모노톤"
"777","로고플레이"
"778","뉴트럴톤"
"779","로고플레이"
"780","로고플레이"
"781","카고"
"782","모노톤"
"783","그래픽"
"784","미세먼지"
"785","로고플레이"
"786","로고플레이"
"787","코듀로이"
"788","컬러포인트"
"789","화사한"
"790","컬러블록"
"791","로고플레이"
"792","퀼팅"
"793","화사한"
"794","로고플레이"
"795","플리스"
"796","비비드"
"797","컬러블록"
"798","화사한"
"799","로고플레이"
"800","로고플레이"
"801","레이어드룩"
"802","모노톤"
"803","로고플레이"
"804","캐릭터"
"805","로고플레이"
"806","카고"
"807","레터링"
"808","컬러블록"
"809","체크"
"810","로고플레이"
"811","코듀로이"
"812","로고플레이"
"813","레이어드룩"
"814","모노톤"
"815","로고플레이"
"816","테니스"
"817","비비드"
"818","컬러포인트"
"819","카고"
"820","로고플레이"
"821","화사한"
"822","카무플라주"
"823","톤온톤"
"824","모노톤"
"825","로고플레이"
"826","컬러블록"
"827","파스텔"
"828","화사한"
"829","카무플라주"
"830","심볼"
"831","체크"
"832","테니스"
"833","레터링"
"834","체크"
"835","심볼"
"836","로고플레이"
"837","테니스"
"838","펀칭"
"839","컬러포인트"
"840","비비드"
"841","캐릭터"
"842","화사한"
"843","로고플레이"
"844","로고플레이"
"845","그래픽"
"846","테니스"
"847","캐릭터"
"848","체크"
"849","카고"
"850","심볼"
"851","로고플레이"
"852","뉴트럴톤"
"853","컬러포인트"
"854","로고플레이"
"855","모노톤"
"856","로고플레이"
"857","비비드"
"858","로고플레이"
"859","카고"
"860","테니스"
"861","로고플레이"
"862","뉴트럴톤"
"863","로고플레이"
"864","스트라이프"
"865","로고플레이"
"866","뉴트럴톤"
"867","모노톤"
"868","체크"
"869","레터링"
"870","미니멀"
"871","컬러포인트"
"872","로고플레이"
"873","스트라이프"
"874","컬러포인트"
"875","심볼"
"876","로고플레이"
"877","테이퍼드핏"
"878","미세먼지"
"879","올블랙"
"880","컬러블록"
"881","레이어드룩"
"882","로고플레이"
"883","컬러블록"
"884","비비드"
"885","로고플레이"
"886","아가일"
"887","로고플레이"
"888","로고플레이"
"889","모노톤"
"890","로고플레이"
"891","스트라이프"
"892","로고플레이"
"893","화사한"
"894","레터링"
"895","컬러포인트"
"896","모노톤"
"897","아가일"
"898","체크"
"899","테니스"
"900","캐릭터"
"901","화사한"
"902","체크"
"903","테니스"
"904","비비드"
"905","로고플레이"
"906","컬러블록"
"907","컬러블록"
"908","뉴트럴톤"
"909","로고플레이"
"910","아가일"
"911","레이어드룩"
"912","화사한"
"913","비비드"
"914","레터링"
"915","레터링"
"916","컬러포인트"
"917","화사한"
"918","스트라이프"
"919","로고플레이"
"920","모노톤"
"921","로고플레이"
"922","컬러블록"
"923","핀턱"
"924","모노톤"
"925","컬러포인트"
"926","와펜"
"927","레터링"
"928","파스텔"
"929","로고플레이"
"930","컬러포인트"
"931","카무플라주"
"932","아가일"
"933","로고플레이"
"934","컬러포인트"
"935","카고"
"936","비비드"
"937","스트라이프"
"938","모노톤"
"939","미세먼지"
"940","로고플레이"
"941","로고플레이"
"942","모노톤"
"943","로고플레이"
"944","체크"
"945","레이어드룩"
"946","캐릭터"
"947","스트라이프"
"948","심볼"
"949","컬러블록"
"950","로고플레이"
"951","로고플레이"
"952","컬러블록"
"953","컬러블록"
"954","로고플레이"
"955","파스텔"
"956","테이퍼드핏"
"957","미세먼지"
"958","화사한"
"959","모노톤"
"960","아가일"
"961","레이어드룩"
"962","로고플레이"
"963","컬러블록"
"964","모노톤"
"965","미세먼지"
"966","키높이"
"967","로고플레이"
"968","그라데이션"
"969","비비드"
"970","그라데이션"
"971","모노톤"
"972","컬러블록"
"973","모노톤"
"974","테이퍼드핏"
"975","로고플레이"
"976","파스텔"
"977","로고플레이"
"978","그래픽"
"979","로고플레이"
"980","올화이트"
"981","화사한"
"982","테니스"
"983","파스텔"
"984","로고플레이"
"985","카무플라주"
"986","로고플레이"
"987","올블랙"
"988","테니스"
"989","로고플레이"
"990","로고플레이"
"991","파스텔"
"992","그래픽"
"993","미세먼지"
"994","메쉬"
"995","로고플레이"
"996","로고플레이"
"997","스포티"
"998","편안한"
"999","캐릭터"
"1000","테니스"
"1001","로고플레이"
"1002","로고플레이"
"1003","올블랙"
"1004","미세먼지"
"1005","로고플레이"
"1006","로고플레이"
"1007","스트라이프"
"1008","파스텔"
"1009","화사한"
"1010","테이퍼드핏"
"1011","모노톤"
"1012","로고플레이"
"1013","로고플레이"
"1014","컬러블록"
"1015","로고플레이"
"1016","모노톤"
"1017","아가일"
"1018","로고플레이"
"1019","테니스"
"1020","화사한"
"1021","컬러포인트"
"1022","컬러블록"
"1023","모노톤"
"1024","로고플레이"
"1025","화사한"
"1026","파스텔"
"1027","컬러포인트"
"1028","로고플레이"
"1029","테니스"
"1030","로고플레이"
"1031","모노톤"
"1032","로고플레이"
"1033","테니스"
"1034","컬러포인트"
"1035","그래픽"
"1036","컬러블록"
"1037","레터링"
"1038","로고플레이"
"1039","화사한"
"1040","화사한"
"1041","로고플레이"
"1042","파스텔"
"1043","컬러포인트"
"1044","플라워"
"1045","레터링"
"1046","아가일"
"1047","테니스"
"1048","컬러포인트"
"1049","로고플레이"
"1050","컬러블록"
"1051","화사한"
"1052","로고플레이"
"1053","로고플레이"
"1054","메쉬"
"1055","컬러블록"
"1056","모노톤"
"1057","로고플레이"
"1058","로고플레이"
"1059","모노톤"
"1060","코듀로이"
"1061","체크"
"1062","와펜"
"1063","모노톤"
"1064","로고플레이"
"1065","컬러블록"
"1066","미세먼지"
"1067","모노톤"
"1068","로고플레이"
"1069","로고플레이"
"1070","컬러포인트"
"1071","비비드"
"1072","로고플레이"
"1073","모노톤"
"1074","로고플레이"
"1075","그래픽"
"1076","모노톤"
"1077","로고플레이"
"1078","테니스"
"1079","스포티"
"1080","로고플레이"
"1081","로고플레이"
"1082","테니스"
"1083","로고플레이"
"1084","체크"
"1085","로고플레이"
"1086","화사한"
"1087","컬러블록"
"1088","로고플레이"
"1089","카무플라주"
"1090","테니스"
"1091","컬러포인트"
"1092","로고플레이"
"1093","편안한"
"1094","로고플레이"
"1095","테니스"
"1096","그라데이션"
"1097","모노톤"
"1098","로고플레이"
"1099","그래픽"
"1100","로고플레이"
"1101","모노톤"
"1102","타이다이"
"1103","카무플라주"
"1104","화사한"
"1105","로고플레이"
"1106","화사한"
"1107","로고플레이"
"1108","모노톤"
"1109","화사한"
"1110","컬러포인트"
"1111","파스텔"
"1112","테니스"
"1113","모노톤"
"1114","슬림핏"
"1115","테니스"
"1116","로고플레이"
"1117","모노톤"
"1118","로고플레이"
"1119","그래픽"
"1120","로고플레이"
"1121","모노톤"
"1122","로고플레이"
"1123","컬러블록"
"1124","카고"
"1125","슬림핏"
"1126","로고플레이"
"1127","체크"
"1128","로고플레이"
"1129","스트라이프"
"1130","로고플레이"
"1131","컬러포인트"
"1132","아가일"
"1133","로고플레이"
"1134","모노톤"
"1135","카무플라주"
"1136","로고플레이"
"1137","컬러블록"
"1138","로고플레이"
"1139","메쉬"
"1140","체크"
"1141","로고플레이"
"1142","모노톤"
"1143","로고플레이"
"1144","화사한"
"1145","로고플레이"
"1146","모노톤"
"1147","테니스"
"1148","로고플레이"
"1149","그래픽"
"1150","스트라이프"
"1151","로고플레이"
"1152","로고플레이"
"1153","카무플라주"
"1154","모노톤"
"1155","그래픽"
"1156","로고플레이"
"1157","톤온톤"
"1158","체크"
"1159","와펜"
"1160","슬림핏"
"1161","모노톤"
"1162","컬러포인트"
"1163","로고플레이"
"1164","그래픽"
"1165","그래픽"
"1166","미세먼지"
"1167","모노톤"
"1168","테니스"
"1169","로고플레이"
"1170","컬러블록"
"1171","비"
"1172","로고플레이"
"1173","컬러포인트"
"1174","그래픽"
"1175","그래픽"
"1176","로고플레이"
"1177","카무플라주"
"1178","레귤러핏"
"1179","로고플레이"
"1180","로고플레이"
"1181","스트라이프"
"1182","컬러블록"
"1183","테니스"
"1184","로고플레이"
"1185","테니스"
"1186","로고플레이"
"1187","테니스"
"1188","로고플레이"
"1189","로고플레이"
"1190","모노톤"
"1191","컬러포인트"
"1192","로고플레이"
"1193","테이퍼드핏"
"1194","레귤러핏"
"1195","모노톤"
"1196","그래픽"
"1197","로고플레이"
"1198","로고플레이"
"1199","뉴트럴톤"
"1200","체크"
"1201","로고플레이"
"1202","편안한"
"1203","모노톤"
"1204","테니스"
"1205","로고플레이"
"1206","로고플레이"
"1207","뉴트럴톤"
"1208","컬러포인트"
"1209","화사한"
"1210","체크"
"1211","테니스"
"1212","모노톤"
"1213","로고플레이"
"1214","컬러포인트"
"1215","파스텔"
"1216","화사한"
"1217","모노톤"
"1218","로고플레이"
"1219","레터링"
"1220","그래픽"
"1221","메쉬"
"1222","레터링"
"1223","로고플레이"
"1224","모노톤"
"1225","그래픽"
"1226","로고플레이"
"1227","모노톤"
"1228","올블랙"
"1229","레더"
"1230","로고플레이"
"1231","그래픽"
"1232","모노톤"
"1233","로고플레이"
"1234","모노톤"
"1235","그래픽"
"1236","뉴트럴톤"
"1237","로고플레이"
"1238","컬러블록"
"1239","모노톤"
"1240","톤온톤"
"1241","컬러블록"
"1242","로고플레이"
"1243","스포티"
"1244","테니스"
"1245","체크"
"1246","컬러블록"
"1247","로고플레이"
"1248","체크"
"1249","컬러포인트"
"1250","테니스"
"1251","컬러블록"
"1252","컬러포인트"
"1253","로고플레이"
"1254","컬러블록"
"1255","로고플레이"
"1256","화사한"
"1257","로고플레이"
"1258","테니스"
"1259","톤온톤"
"1260","로고플레이"
"1261","로고플레이"
"1262","비"
"1263","모노톤"
"1264","편안한"
"1265","편안한"
"1266","컬러포인트"
"1267","편안한"
"1268","컬러포인트"
"1269","편안한"
"1270","타이다이"
"1271","화사한"
"1272","올화이트"
"1273","편안한"
"1274","로고플레이"
"1275","컬러포인트"
"1276","슬림핏"
"1277","로고플레이"
"1278","아가일"
"1279","로고플레이"
"1280","스트라이프"
"1281","레귤러핏"
"1282","모노톤"
"1283","레귤러핏"
